GeoFips,GeoName,2001,2002,2003,2004,2005,2006,2007,2008,2009,2010,2011,2012,2013,2014,2015,2016,2017,2018,2019
998,United States (Metropolitan Portion) *,9418732584,9735363130,10187621298,10856715428,11597353935,12265005314,12826079941,13009017569,12812505979,13269729812,13726940780,14332171020,14832150055,15512337494,16278284578,16794932722,17510245896,18470552775,19221575535
10180,"Abilene, TX (Metropolitan Statistical Area)",3638709,3746156,3929394,4174103,4423342,4991087,5379170,5666044,5541862,5839625,5996498,6285840,6450382,6678674,6638709,6631955,6833064,7348112,7730423
10420,"Akron, OH (Metropolitan Statistical Area)",22000408,23265354,24197690,25375844,26682888,27552749,28701949,29054310,28079739,28983322,29589772,30484007,31447075,32753646,33868052,34458540,35193942,36624333,37698744
10500,"Albany, GA (Metropolitan Statistical Area)",4244508,4397147,4504367,4663416,4890707,5027430,5089528,5097879,5145373,5097990,5279579,5436011,5530836,5577624,5676239,5874144,5956081,6166172,6588233
10540,"Albany-Lebanon, OR (Metropolitan Statistical Area)",2663058,2858852,2788285,3140305,3252690,3692652,3643383,3562291,3483678,3476449,3574061,3642763,3792310,3921082,4242542,4498372,4642425,5102768,5308033
10580,"Albany-Schenectady-Troy, NY (Metropolitan Statistical Area)",32529530,33665629,35400585,37188847,38824009,41337414,42725907,44187767,46363621,46985416,47754508,49077007,50933123,52822054,55451680,57904993,60255221,62666517,65591092
10740,"Albuquerque, NM (Metropolitan Statistical Area)",26088392,26734176,29530210,33757796,34072678,35050276,35123515,35199466,37100106,36511202,36532748,37058169,36664212,38265621,39611674,40819249,41211776,42838924,44677239
10780,"Alexandria, LA (Metropolitan Statistical Area)",3536599,3707485,3847705,4172735,4554066,4804415,4773080,4921556,5259660,5411273,5508827,5545476,5625281,5704448,5700722,5855802,6023699,6258344,6440708
10900,"Allentown-Bethlehem-Easton, PA-NJ (Metropolitan Statistical Area)",33150515,33567351,30863401,29091576,29992467,31027483,33402770,34413626,34523857,35723559,36430997,37188076,38354150,39684445,41464998,42899801,43585318,44797612,47244854
11020,"Altoona, PA (Metropolitan Statistical Area)",3559735,3606897,3753399,3995694,4248975,4563074,4678974,4794599,4854604,4987221,5028838,5155376,5310772,5446644,5616811,5728826,5954953,6091065,6408951
11100,"Amarillo, TX (Metropolitan Statistical Area)",7022675,7247274,7617365,7988254,8379247,9184440,9831830,10324361,10308394,10880092,11337438,11481732,11908066,12409116,12809625,12813099,13034375,13720593,14087635
11180,"Ames, IA (Metropolitan Statistical Area)",3033335,3224115,3413763,3657877,3818479,4050613,4287146,4548337,4512572,4579225,4897948,5288511,5684634,5946486,6051725,6055746,6255820,6560156,6712503
11260,"Anchorage, AK (Metropolitan Statistical Area)",13337006,13817632,14572985,15311494,16469075,17181904,18067030,19440599,20305492,21687809,22526785,22918799,22941280,23488324,24521189,24686817,24790710,25611702,26435400
11460,"Ann Arbor, MI (Metropolitan Statistical Area)",15618109,16718958,17242979,17369943,18005516,17835106,18662457,17849951,17181338,17827124,18222222,19040628,19699709,20394261,21823498,22696625,23588813,24822788,25616343
11500,"Anniston-Oxford, AL (Metropolitan Statistical Area)",2719537,2859680,2997971,3324586,3568305,3777282,4024250,4156337,4049773,4238183,4153945,4185918,4091975,4047759,4041585,4117248,4218400,4402334,4590003
11540,"Appleton, WI (Metropolitan Statistical Area)",7523595,7659246,7970686,8418936,8865462,9279690,9710597,9699718,9777052,10009357,10470519,11060961,11151915,11774815,12648673,13217228,13587464,14259996,14932551
11700,"Asheville, NC (Metropolitan Statistical Area)",10342486,10877327,11198944,11798238,12456168,13486640,13674688,13915351,13735643,14393212,14791876,14987728,15681418,16500037,17370178,18154593,19189600,20413855,21548381
12020,"Athens-Clarke County, GA (Metropolitan Statistical Area)",4990547,5182633,5550083,5831113,6092799,6370477,6677935,6867402,7010174,7131235,7255256,7732780,8086259,8460248,8928005,9210798,9882902,10534274,10618507
12060,"Atlanta-Sandy Springs-Alpharetta, GA (Metropolitan Statistical Area)",208707562,214456860,223529505,239689318,256152546,263873172,271150483,267318809,261181369,267528032,276621051,287373839,299317841,319397140,341613082,362885035,382546949,406761585,422189461
12100,"Atlantic City-Hammonton, NJ (Metropolitan Statistical Area)",10377513,10941606,11296437,11683949,12515870,13817363,14360560,14660705,13153447,12849487,13502602,13658072,13886525,13875155,13760117,13773876,13828665,14146917,14718904
12220,"Auburn-Opelika, AL (Metropolitan Statistical Area)",2342754,2515630,2681056,3037813,3242008,3475138,3720303,3765592,3849931,3958742,4361023,4616562,4811909,4969230,5330076,5573428,5758681,5944719,6139434
12260,"Augusta-Richmond County, GA-SC (Metropolitan Statistical Area)",15081036,15552518,16427211,17173294,17596084,18429623,19835905,20568862,20907345,21479135,22041130,22533628,23013482,23766855,25294715,25987024,26984298,28291877,29709040
12420,"Austin-Round Rock-Georgetown, TX (Metropolitan Statistical Area)",55271954,57206823,58946347,62407552,68548063,77346683,81994120,85578702,84573146,90043248,94745560,98832320,105236727,112753061,123759410,131507142,141660106,151278612,159361291
12540,"Bakersfield, CA (Metropolitan Statistical Area)",19598097,21876624,23973670,27832196,32407587,38755436,44427362,48058579,41372904,43360880,45318708,47559076,48212860,49238908,44260330,43109241,45892937,48734093,50261412
12580,"Baltimore-Columbia-Towson, MD (Metropolitan Statistical Area)",102924700,108714864,112932027,120894320,130774161,139002789,143270947,146380389,149333918,155432117,160829863,165595495,170053224,176625883,185169761,193115487,199289935,207287982,215487169
12620,"Bangor, ME (Metropolitan Statistical Area)",4359246,4548429,4612169,4884906,5058745,5284459,5362601,5408160,5551913,5590546,5549068,5606543,5665338,5812082,5934505,6145264,6291450,6650999,6967500
12700,"Barnstable Town, MA (Metropolitan Statistical Area)",8213196,8678927,9168603,9725993,9896129,10343295,10520621,10682191,10800024,11124715,11525532,11795379,12088523,12521462,13167726,13483092,13934816,14513912,16094174
12940,"Baton Rouge, LA (Metropolitan Statistical Area)",24768604,26407251,28790062,33115564,39886565,41210626,39573318,39414018,40053414,42472391,49763574,51574208,51685549,57167764,57089729,52422935,51233937,56032238,56265028
12980,"Battle Creek, MI (Metropolitan Statistical Area)",4647083,4785686,4913279,5062672,5228231,5385537,5554878,5442692,5273637,5371444,5296091,5405014,5639064,5778572,6157202,6385435,6468876,6557588,6642964
13020,"Bay City, MI (Metropolitan Statistical Area)",2934798,2966081,3036472,3064141,3127307,3258385,3323980,3279610,3320463,3422453,3448646,3506094,3591173,3486329,3591466,3590333,3574404,3682822,3773205
13140,"Beaumont-Port Arthur, TX (Metropolitan Statistical Area)",13301377,12545665,13637938,16940494,17318090,18580589,21216317,20893907,19936035,23406849,26953416,28429695,27850759,23476998,23451042,23557084,25668956,29375044,28331613
13220,"Beckley, WV (Metropolitan Statistical Area)",2619459,2711659,2735875,2915962,3226758,3387447,3550535,3853166,3911627,4154112,4352814,4275849,4173727,3925942,3836759,3659205,3856970,4081535,4260302
13380,"Bellingham, WA (Metropolitan Statistical Area)",5264111,5638063,6001483,6361759,8407800,8087406,8720110,8568265,8581822,9303701,9278281,9606382,9736769,9907068,10295220,10863816,12656113,14940164,15102906
13460,"Bend, OR (Metropolitan Statistical Area)",3535222,3793472,4078690,4342721,4917200,5390270,5682676,5540006,5136765,5022378,5091721,5407947,5875268,6558294,7320179,8078986,8983549,9597273,10042937
13740,"Billings, MT (Metropolitan Statistical Area)",4662715,4765470,5281551,5802831,6167114,6698942,7702970,7437588,6987087,7479396,8436107,8803776,8956259,9501765,10023266,9138164,9698447,10432820,10656973
13780,"Binghamton, NY (Metropolitan Statistical Area)",7181036,7170093,7154733,7302625,7612907,8329108,8884489,9376108,9695280,10118552,10118381,10463107,10655691,10675195,10903936,10792543,10906715,11318185,12025082
13820,"Birmingham-Hoover, AL (Metropolitan Statistical Area)",35417598,37248754,38557073,41967042,44787671,46076627,47856795,48957415,46731331,47893766,50277517,52031313,52675105,53852694,55573828,56581399,58661300,61703155,63573271
13900,"Bismarck, ND (Metropolitan Statistical Area)",3074683,3208978,3529205,3774549,3994039,4215238,4400781,4594972,4854891,5078505,5505711,6277534,6453278,7195268,7541737,7205716,7395855,7581744,7738451
13980,"Blacksburg-Christiansburg, VA (Metropolitan Statistical Area) *",4453433,4573721,4912889,5036743,5423423,5858635,6149905,5873995,5812512,5853047,6089585,6229060,6432216,6842859,7297581,7495977,7315098,7683261,7990773
14010,"Bloomington, IL (Metropolitan Statistical Area)",6874185,7156245,7550645,8149645,8408283,9366519,9702976,9404824,9680465,10125712,10344962,10781922,10894563,12406870,13579971,14215189,14266863,15313534,15348042
14020,"Bloomington, IN (Metropolitan Statistical Area)",3880377,4076183,4256214,4464997,4772998,5052245,5090609,5199686,5327482,5421997,5536226,5709874,5928723,6351077,6494214,6751116,7125676,7484653,7700041
14100,"Bloomsburg-Berwick, PA (Metropolitan Statistical Area)",2446500,2607410,2655922,2878554,3036646,3337633,3370133,3474042,3628647,3792928,3957497,4024529,4175971,4175016,4344099,4386098,4426412,4503274,4624539
14260,"Boise City, ID (Metropolitan Statistical Area)",16464261,17046484,18038661,19566190,21845037,22243781,22902978,23609060,22912888,23159684,23430697,24141578,25688008,27330333,28447772,30227400,32580240,35609168,37685004
14460,"Boston-Cambridge-Newton, MA-NH (Metropolitan Statistical Area)",236952156,240459779,249786350,262941642,276254896,287529502,303719017,308922577,312220171,328643574,340938751,356854846,366019517,380467719,405651207,420059101,437795135,464426027,484620546
14500,"Boulder, CO (Metropolitan Statistical Area) *",15931750,14969341,15085829,15686903,16244516,17041189,18251058,19168580,19269973,19742088,19942937,20433956,21339546,22369792,23740729,24801954,26647359,27944113,30176559
14540,"Bowling Green, KY (Metropolitan Statistical Area)",3581892,3765289,3977393,4253578,4622998,4941130,5048968,5207725,4984632,5468400,5548326,5863404,6050540,6300007,6531826,6780531,7002710,7195843,7458673
14740,"Bremerton-Silverdale-Port Orchard, WA (Metropolitan Statistical Area)",6335533,6903132,7253266,7750506,8337047,8824506,9213622,9706845,9690390,9764642,9819765,9895427,10000886,10415402,10953112,11565889,12162694,13109846,13983229
14860,"Bridgeport-Stamford-Norwalk, CT (Metropolitan Statistical Area)",59566620,60917737,61416445,66515694,70751235,74690555,80271927,82790316,79695554,79335328,76656285,81753538,81499102,82695041,86074720,87004972,88187631,90679271,93201734
15180,"Brownsville-Harlingen, TX (Metropolitan Statistical Area)",5567331,5960440,6194880,6476708,6830567,7403252,7726896,7991899,8206794,8685886,9048769,9385749,9728796,9892226,10211225,10572027,10827400,11378276,11978930
15260,"Brunswick, GA (Metropolitan Statistical Area)",2576212,2702340,2886932,3180161,3347878,3629672,3726142,3634377,3612651,3694334,3648422,3672893,3737319,3832010,4151833,4260854,4448331,4796277,4985845
15380,"Buffalo-Cheektowaga, NY (Metropolitan Statistical Area)",37821788,39423186,40674920,42871623,44509152,48044898,49653723,50863787,52305009,54455291,54804029,57448799,58627747,61019402,63752970,65505678,66798418,69847067,73754236
15500,"Burlington, NC (Metropolitan Statistical Area)",3700284,3954555,3970761,4265563,4375112,4702072,4753825,4810209,4648424,4888739,5042057,5130666,5227967,5330784,5528907,5844596,5952580,6158120,6471101
15540,"Burlington-South Burlington, VT (Metropolitan Statistical Area)",7719873,7985276,8524720,9177350,9422305,9765135,9757573,10380411,10508344,11121404,11526141,11830005,11794700,12060039,12600688,12987809,13318901,13838937,14114657
15680,"California-Lexington Park, MD (Metropolitan Statistical Area)",2962055,3292228,3615545,3892081,4150835,4538530,4800026,4927466,5232239,5716109,6057869,6143524,6173498,6373615,6621921,6830195,6970750,7314011,7721512
15940,"Canton-Massillon, OH (Metropolitan Statistical Area)",11376427,11786461,11970540,12502092,13121764,13264935,13422369,13696153,13049852,13809575,15193066,15196626,16590307,18494329,18064425,17857624,18565232,19688791,19771905
15980,"Cape Coral-Fort Myers, FL (Metropolitan Statistical Area)",12968334,14187535,15818728,18345548,21056682,23464845,23794222,22245738,20950916,20861474,20884722,21681142,22403147,24145926,26058827,28042790,29496115,30945801,32682667
16020,"Cape Girardeau, MO-IL (Metropolitan Statistical Area)",2678592,2799845,2882918,3083983,3296671,3517586,3617464,3700715,3680854,3727298,3755185,3819564,3887099,3945862,4162662,4275517,4378947,4565235,4731863
16060,"Carbondale-Marion, IL (Metropolitan Statistical Area)",3292498,3533908,3640600,3850105,4104985,4516546,4660215,4892672,5029787,5287258,5461951,5622308,5488647,5467692,5553918,5599126,5724792,6051354,6193397
16180,"Carson City, NV (Metropolitan Statistical Area)",2246344,2329293,2421162,2565152,2726707,2896381,3003026,2997110,3059712,3221659,3034855,3090326,3157090,3024832,3169718,3208608,3460224,3642553,3859340
16220,"Casper, WY (Metropolitan Statistical Area)",2274468,2362637,2508483,2787731,3227991,3827714,4071644,4368244,3938108,4233155,4634802,5301661,5525082,6061556,5942501,5415484,5446017,6172939,6305893
16300,"Cedar Rapids, IA (Metropolitan Statistical Area)",9311170,9325479,10080821,11144553,11893062,12008940,13203033,13143490,13876901,14656783,15153669,15285467,15522491,16422315,17546873,17778644,17699162,18478847,18720752
16540,"Chambersburg-Waynesboro, PA (Metropolitan Statistical Area)",3127345,3121321,3411606,3788760,4182176,4577398,5104370,5110387,4867658,4871784,5012546,5085156,5294877,5503984,5648834,5666043,6129734,6363467,6606645
16580,"Champaign-Urbana, IL (Metropolitan Statistical Area)",6662161,7087428,7257967,7590018,7825082,8310065,8783973,9266264,9378054,9868643,10122573,10439597,11053242,11461286,11556532,11581555,11667014,12010814,12276267
16620,"Charleston, WV (Metropolitan Statistical Area)",9464558,9692396,9897328,10269025,11159281,11845950,12226960,12722248,12947948,13046927,13430543,13040081,12924695,12776003,12571349,12477294,12456094,13523696,13185929
16700,"Charleston-North Charleston, SC (Metropolitan Statistical Area)",16651265,17635571,18969242,20665057,22670587,24219054,25890129,26300841,26145565,27410195,29228911,31499192,32022303,33904385,36299014,38722725,40807777,43313850,45585291
16740,"Charlotte-Concord-Gastonia, NC-SC (Metropolitan Statistical Area)",75503194,78719808,83334957,90112700,99005606,108060756,112184712,120558571,111918051,109828788,116917486,127584508,129132021,136458520,145650746,153110238,161799967,171481905,178413790
16820,"Charlottesville, VA (Metropolitan Statistical Area) *",6266109,6500243,6919467,7503678,8164022,8770080,9376867,9602964,9917469,10419211,10577051,11067189,11138870,11564573,12036318,12545588,13289810,13793462,14248200
16860,"Chattanooga, TN-GA (Metropolitan Statistical Area)",15874010,16570013,17317011,18551179,19410290,20289479,20747134,21341759,21130173,21693651,22869065,24182289,25000279,25457470,26880790,27745927,28892743,30071077,31239821
16940,"Cheyenne, WY (Metropolitan Statistical Area)",2599215,2748034,2975299,3217070,3422419,3815143,4446644,4915798,4221443,4378814,4751756,5062378,4993412,5078714,5346065,5174156,5344968,5676280,5806740
16980,"Chicago-Naperville-Elgin, IL-IN-WI (Metropolitan Statistical Area)",401284183,410819015,422850774,446694220,471401491,494879583,514701272,509707000,500898498,513514067,532618914,561292438,574315285,603435981,632200033,641567260,658633034,691288417,709160008
17020,"Chico, CA (Metropolitan Statistical Area)",5054764,5575241,6012097,6361775,6735922,7390572,7547686,7442456,7478000,7594704,7802664,7711583,8119398,8292752,8765121,9429548,10068365,10469296,11314675
17140,"Cincinnati, OH-KY-IN (Metropolitan Statistical Area)",79196624,82432805,85228444,89028567,93767766,96390849,99688128,101068117,99990439,104374317,109585944,113190381,116218748,121693041,127779662,134287267,139031021,146323745,153931926
17300,"Clarksville, TN-KY (Metropolitan Statistical Area)",5860314,6517776,6891998,7640965,8564152,9368046,9443374,9862093,10179141,10586001,11322196,11602283,11514017,11664487,12026415,11765658,12081467,12502054,12966258
17420,"Cleveland, TN (Metropolitan Statistical Area)",2577117,2755602,2764264,2989649,3051752,3172386,3266991,3444739,3556909,3684461,3763338,4375700,4585531,4588100,4859517,4637109,4635858,4817178,5039649
17460,"Cleveland-Elyria, OH (Metropolitan Statistical Area)",83597211,86802982,90334491,94660840,99490381,100813735,103732741,104719442,99646546,101876532,105739194,109364832,111216411,116086342,119125680,121176844,124780104,131398823,135756216
17660,"Coeur d'Alene, ID (Metropolitan Statistical Area)",2717650,2829317,2993108,3281268,3698022,4055304,4391229,4399660,4195872,4392492,4297157,4429773,4740235,4971027,5204623,5537455,5893866,6410581,6697757
17780,"College Station-Bryan, TX (Metropolitan Statistical Area)",5113825,5281050,5977596,6446139,7650300,8606671,9813186,11729473,10062434,10404404,10672170,10573845,11719205,12642525,11835149,11795714,12812495,13827516,13950819
17820,"Colorado Springs, CO (Metropolitan Statistical Area)",20117711,20611033,21135497,21904454,23513139,24569269,25758341,26290592,26872103,27945554,28808227,29405695,30186110,30896153,32096040,33027076,34954223,36791155,39007072
17860,"Columbia, MO (Metropolitan Statistical Area)",5143261,5332851,5611470,5956385,6266327,6590498,6784601,7061151,7209532,7461092,7730211,8137365,8592108,8793408,9125115,9445840,9729261,10120324,10552672
17900,"Columbia, SC (Metropolitan Statistical Area)",21762934,22426798,23578156,25219250,26611759,28471208,30104868,31075653,31310928,31561585,32121241,32628337,34196001,36202897,38171917,39724527,40900180,42528577,44265659
17980,"Columbus, GA-AL (Metropolitan Statistical Area)",8694170,9201361,9421575,9849381,10360082,11007363,11679748,11899456,12273396,12645241,13039800,13440386,13455577,13743654,14210805,14119520,14631147,15456154,15956779
18020,"Columbus, IN (Metropolitan Statistical Area)",2998046,2941595,3109155,3288775,3548554,3982538,4543344,4880147,4323505,5150278,5255410,5881807,6368912,6247677,6365742,6333025,6475805,6866747,7045710
18140,"Columbus, OH (Metropolitan Statistical Area)",68612822,71092046,73976228,78237348,82736008,83434607,86614583,87015629,86384569,89831312,94501703,100756699,105967740,111885715,116655537,120826775,125163723,130709854,134342237
18580,"Corpus Christi, TX (Metropolitan Statistical Area)",11433521,11409388,12648991,14429980,14758282,15766719,17607539,17312876,16462966,18450337,20849475,21248470,21527986,20594117,20609947,19853738,21428439,23576086,23673074
18700,"Corvallis, OR (Metropolitan Statistical Area)",2561267,2608089,2657236,2812334,2969470,3306189,3632568,3750651,3723865,3808934,3969157,3960707,3928302,3960364,4121098,4275414,4564780,4838321,5005948
18880,"Crestview-Fort Walton Beach-Destin, FL (Metropolitan Statistical Area)",6695093,7509076,8398086,9538424,10612191,10699447,10891357,10651438,10436705,10363743,10563709,11307740,11718989,12064280,12718977,13240943,14081158,14855702,16013983
19060,"Cumberland, MD-WV (Metropolitan Statistical Area)",2441690,2530668,2547396,2626076,2737960,2987414,3065018,3168344,3266633,3499596,3562986,3548948,3633451,3668971,3830603,3920802,3976860,4020724,4233524
19100,"Dallas-Fort Worth-Arlington, TX (Metropolitan Statistical Area)",230410024,239100962,245066686,263772155,284456508,307562122,326986827,340573587,324428447,336217270,354989304,374743312,392917447,415238962,435857522,453858011,478176220,505768515,523861973
19140,"Dalton, GA (Metropolitan Statistical Area)",4854930,5105396,5126949,5705905,5971697,6129272,6308704,6034666,5758994,5489760,5720203,5952819,5951228,6229320,6603432,6937589,6939621,7038621,7158426
19180,"Danville, IL (Metropolitan Statistical Area)",2153813,2267190,2409461,2595638,2620876,2895553,2990063,2999108,2930968,2989513,3110378,3278839,3316481,3402008,3344909,3339878,3360536,3453415,3581970
19300,"Daphne-Fairhope-Foley, AL (Metropolitan Statistical Area)",3042910,3272516,3482632,3927738,4473372,4677561,4834320,4646662,4520189,4705935,4807109,5051126,5306439,5512315,5851578,6183519,6436833,6875914,7223316
19340,"Davenport-Moline-Rock Island, IA-IL (Metropolitan Statistical Area)",13068615,13221250,13805026,15105706,15880303,16773952,17658345,18260947,17951222,18507449,19471618,20542006,20342137,21059274,21006269,20757723,21145440,21860590,22717190
19430,"Dayton-Kettering, OH (Metropolitan Statistical Area)",28688096,29966399,30882574,32417946,33339872,34042293,33930761,33542970,32532973,33611100,35124834,35848523,36742206,37805341,39144944,40309278,41703905,43900295,45689081
19460,"Decatur, AL (Metropolitan Statistical Area)",3747819,3771586,4106782,4765590,4582350,4938684,5226188,5181114,5228457,5339952,5284486,5371576,5420423,5556863,5650435,5904733,6032649,6401583,6702192
19500,"Decatur, IL (Metropolitan Statistical Area)",4365268,4479482,4573750,4787945,4979892,5255930,5567704,6102783,6442432,6552370,6597610,6578471,7094515,7570371,8093539,7774856,7253739,7279712,7363464
19660,"Deltona-Daytona Beach-Ormond Beach, FL (Metropolitan Statistical Area)",10184378,11237346,12509513,13711000,14734810,16147248,16735760,16284372,15668029,15608644,15672730,16041930,16414693,16991140,18011312,19101825,20108091,21207809,22268576
19740,"Denver-Aurora-Lakewood, CO (Metropolitan Statistical Area) *",108315384,110612924,112930527,115855071,123804925,128541781,137052350,139110515,137062571,141029600,145839443,153286556,162500802,172421227,183668001,190317435,200836995,214580305,227395640
19780,"Des Moines-West Des Moines, IA (Metropolitan Statistical Area)",22687571,23526812,26045825,29286226,32000704,31863083,35957730,32851795,32796615,33829331,34431544,37615378,37494625,42242910,46376221,48818972,48877741,51038871,52244598
19820,"Detroit-Warren-Dearborn, MI (Metropolitan Statistical Area)",183814402,189898857,195266952,198259217,205241670,201558669,204804192,193321790,178663033,190585335,200061237,212218111,219917961,227090922,238906845,247223237,252798262,262545970,269850041
20020,"Dothan, AL (Metropolitan Statistical Area)",3615052,3852859,3981185,4232948,4421654,4673151,4803622,4729187,4726913,4778876,4840366,4993062,5349039,5539153,5756312,6023027,6295754,6515145,6768010
20100,"Dover, DE (Metropolitan Statistical Area)",4307529,4552212,4712176,5315768,5509941,5955028,6198098,6253452,6575170,6519797,6548906,6494799,6538906,6833422,7229976,7269615,7431865,7899268,8370319
20220,"Dubuque, IA (Metropolitan Statistical Area)",2901704,3092941,3258935,3683635,4028495,4236331,4548127,4322664,4185748,4498306,4616336,5382688,5242628,5881096,6163255,5876838,6121760,6378929,6552956
20260,"Duluth, MN-WI (Metropolitan Statistical Area)",8197592,8761521,9065725,9960992,10598792,11140030,11286609,11970926,11614787,13035694,13912482,13510625,14264131,14529275,13244631,13992752,14666908,15862983,16911538
20500,"Durham-Chapel Hill, NC (Metropolitan Statistical Area)",24203039,25402611,26881779,27647404,30170761,36798631,39149585,40053584,39148021,42019482,43016157,44095759,46150592,46531597,46569163,46247130,47954729,50499917,53748439
20700,"East Stroudsburg, PA (Metropolitan Statistical Area)",3474105,3651219,3685520,4112190,4578493,4921968,5383391,5586930,5615995,5708486,5710230,5690944,5776167,5984737,6369002,6901109,6928850,7059835,7457481
20740,"Eau Claire, WI (Metropolitan Statistical Area)",4376437,4669522,4927662,5311448,5740447,5982230,6286290,6218311,6360465,6774268,6987613,7331709,7501303,8244257,8601556,8652934,8843400,9353162,9655987
20940,"El Centro, CA (Metropolitan Statistical Area)",3772033,4533095,4436136,4546757,4969461,5597342,5885733,6810035,6303827,6431685,7170451,6921213,7489047,8031489,8561955,8381827,8666402,8667650,9334680
21060,"Elizabethtown-Fort Knox, KY (Metropolitan Statistical Area)",3269223,3379533,3555170,3758374,3948716,4291889,4403013,4722261,4837938,5457829,5821075,5678723,5698105,5604663,5546694,5651455,5807891,5923895,6092172
21140,"Elkhart-Goshen, IN (Metropolitan Statistical Area)",7316352,7892099,8658659,9215820,9863524,10382500,10477225,9037137,7114074,9265583,9095516,9622682,10519924,11706483,13267137,14645512,16320319,16389054,16193156
21300,"Elmira, NY (Metropolitan Statistical Area)",2432713,2475190,2536329,2612030,2769879,2931746,3075278,3277320,3303393,3543597,3663630,3719797,3811313,3882070,3830944,3806224,3795816,3953800,4135080
21340,"El Paso, TX (Metropolitan Statistical Area)",15190031,15989302,16417618,17588002,18716988,20018424,21488476,21577842,22472592,24395018,26251554,27365006,27395806,27591246,28585531,29278081,30519556,32254478,33235319
21420,"Enid, OK (Metropolitan Statistical Area)",1434727,1487491,1638844,1767777,1954442,2110026,2362157,2824983,2546575,2862580,3093808,3509256,3740024,4237549,3319929,3428350,2647572,2717608,2771301
21500,"Erie, PA (Metropolitan Statistical Area)",8081614,8173910,8342125,8824569,9425569,10040199,10636359,11527115,10961397,11176458,11823285,11650608,11966670,11665876,11992491,11736618,11609929,11972858,12390616
21660,"Eugene-Springfield, OR (Metropolitan Statistical Area)",8948479,9323289,9650299,10378802,11116656,12040539,12478035,12498783,12032807,12154552,12386700,12757470,13130510,13632903,14766427,15567326,16432537,17257394,17947872
21780,"Evansville, IN-KY (Metropolitan Statistical Area)",10745006,11470980,12074752,13181507,13624231,13379609,13723117,14639673,14250252,14825333,15639103,15744240,15326109,15432303,15808154,16143725,17507525,18566904,19460865
21820,"Fairbanks, AK (Metropolitan Statistical Area) *",3968679,3500937,3644461,3840901,4438848,4865846,5170649,5769400,5686472,5969384,5737156,5559955,5466301,5536407,5523274,5585807,5686025,5957242,5977140
22020,"Fargo, ND-MN (Metropolitan Statistical Area)",6109102,6611089,7080458,7582213,8051148,8571543,9136547,9590899,9636163,10091668,10810305,12012831,12253298,13454037,13985614,14036675,14446546,15023737,15549006
22140,"Farmington, NM (Metropolitan Statistical Area)",4202742,4058469,4567482,5042845,5782672,6238383,6667798,7274120,6330515,6366073,6624824,6407538,6464750,6828020,6305431,5749237,6021648,5829724,5856995
22180,"Fayetteville, NC (Metropolitan Statistical Area)",11035381,11790067,12489038,13367465,14629462,15644896,16155607,17128248,18247331,18913933,19420188,19227947,19378572,19624148,20278666,20414839,20734103,21482746,22244892
22220,"Fayetteville-Springdale-Rogers, AR (Metropolitan Statistical Area)",10295844,11284796,12189124,13831297,15157891,15647287,15655704,15824519,15679349,16600360,17146573,18257207,19862080,21120054,22474929,23361758,24801712,25946875,26664865
22380,"Flagstaff, AZ (Metropolitan Statistical Area)",3771705,3900828,4087149,4364497,4759476,5242661,5802447,5761551,5695062,5935870,6390245,6175325,6594153,6729514,7029881,7249923,7781008,7951877,7887058
22420,"Flint, MI (Metropolitan Statistical Area)",12494468,13226123,13654370,13632149,13786642,13694985,13694975,12488847,11918948,12577357,12822834,13110833,13970231,14572646,15623171,15921565,15990720,16362137,16833649
22500,"Florence, SC (Metropolitan Statistical Area)",5667638,5787389,6036957,6335164,6616476,7076113,7327306,7344642,7322477,7297749,7647717,7814729,8308781,8762456,9284779,9512507,9811401,10126241,10762620
22520,"Florence-Muscle Shoals, AL (Metropolitan Statistical Area)",3128468,3206714,3416151,3732540,3944255,4232967,4309013,4364863,4251993,4491278,4756095,4874126,5247827,5197494,5196283,5086903,5110808,5335876,5514012
22540,"Fond du Lac, WI (Metropolitan Statistical Area)",2867106,2882876,3026430,3257693,3409290,3581633,3730865,3820587,3734037,3950234,4196394,4513009,4682759,4957233,5021103,5006788,5103074,5266576,5552333
22660,"Fort Collins, CO (Metropolitan Statistical Area)",8669545,9325214,9454720,9770070,10227269,10885284,11441528,11873896,11983740,12282138,12556794,13108117,14009033,14957438,16087243,16978675,18509942,19828717,20736490
22900,"Fort Smith, AR-OK (Metropolitan Statistical Area)",6068976,6356036,6767279,7343732,7812309,8442212,8469024,8571501,8024174,8385279,8688099,8742932,8725748,8794919,8885124,8968154,9168248,9486128,9789778
23060,"Fort Wayne, IN (Metropolitan Statistical Area)",13076517,13567725,14252343,14833801,15443877,16319112,16998324,16249313,15317715,15820310,16219197,17299373,17581806,19195014,20432236,20973849,21918802,23166561,24084524
23420,"Fresno, CA (Metropolitan Statistical Area)",21328160,23585256,25983514,27958827,29586707,32694534,33437189,33025734,33118655,34079616,35720696,35315551,37604735,39655788,41530645,43135475,45781155,47838637,50736641
23460,"Gadsden, AL (Metropolitan Statistical Area)",2055972,2139593,2190737,2359677,2417794,2496073,2549349,2603196,2626375,2695319,2753803,2804122,2852227,2896115,3031903,3101279,3162568,3262625,3348964
23540,"Gainesville, FL (Metropolitan Statistical Area)",7791335,8195556,8454158,9470268,10061574,10890393,11798278,11747629,11701199,11736288,11692875,11969561,12325163,12956262,13594170,14146764,14712003,15563236,16349642
23580,"Gainesville, GA (Metropolitan Statistical Area)",4775150,4886968,5138699,5397935,5707613,6024576,6368443,6489172,6407037,6517240,6933713,7181413,7540583,8007096,8745339,9325104,10038652,10638566,11123749
23900,"Gettysburg, PA (Metropolitan Statistical Area)",1986927,2177894,2210730,2295905,2471053,2690069,2775869,2896796,3009152,3014903,3129842,3283602,3382841,3472589,3601686,3724834,3916095,3942840,4071123
24020,"Glens Falls, NY (Metropolitan Statistical Area)",3166127,3294561,3469190,3799931,3901412,4256818,4365240,4666768,4972958,5110854,5116349,5235284,5372909,5552968,5707398,5796962,6017169,6268909,6664036
24140,"Goldsboro, NC (Metropolitan Statistical Area)",3317185,3275972,3252568,3473887,3607398,3878824,4042502,4203547,4333474,4421189,4345990,4440161,4680964,4651812,4738882,4752322,4819800,4992136,5131317
24220,"Grand Forks, ND-MN (Metropolitan Statistical Area)",2583138,2782479,3085086,3097485,3267872,3602324,3800358,4104446,4025992,4198473,4378262,4790062,4920987,4991980,5157620,5368706,5546245,5662310,5785820
24260,"Grand Island, NE (Metropolitan Statistical Area)",1979026,2080625,2257968,2381909,2587993,2793183,2918992,3076322,3214561,3351097,3471352,3702759,4004529,4043043,4075070,4076980,4104802,4197529,4429894
24300,"Grand Junction, CO (Metropolitan Statistical Area)",3315072,3499022,3657811,3857435,4228138,4797943,5457184,6099656,5581591,5396105,5509756,5613515,5629967,5831776,5898404,5910755,6313623,6771725,7096665
24340,"Grand Rapids-Kentwood, MI (Metropolitan Statistical Area)",35155614,36673382,37873552,39403812,41202486,41907441,42812397,41986849,40820280,42443894,43812445,46126270,48057950,50517646,54237832,56380337,58433586,61123201,62774390
24420,"Grants Pass, OR (Metropolitan Statistical Area)",1385405,1491326,1580668,1703969,1844047,1995572,2070247,1993661,1999815,2005837,2019191,2050636,2085393,2209783,2415846,2566053,2756753,2937839,3146154
24500,"Great Falls, MT (Metropolitan Statistical Area)",2043342,2156974,2228752,2387173,2652119,2801786,2930587,2933438,2960844,3145474,3290622,3338991,3333483,3450828,3634346,3604723,3760914,4017503,4123936
24540,"Greeley, CO (Metropolitan Statistical Area) *",5584897,5544046,5959411,6686465,7580527,8200577,8879119,9985591,9349606,10071686,10976437,11937442,13745206,16304556,14847684,14798021,16991143,20267534,19889946
24580,"Green Bay, WI (Metropolitan Statistical Area)",10839959,11246710,11802801,12481063,13067189,13716285,14218861,14453150,14508883,15347670,15812886,16667392,16819731,18365556,19240357,19729551,19817390,20896554,21476426
24660,"Greensboro-High Point, NC (Metropolitan Statistical Area)",27328188,28544765,28719224,28870294,30223380,32282319,32990459,34381051,35128950,35687776,36985285,36330375,37934158,38855757,41154845,41118746,41578232,42660020,44468572
24780,"Greenville, NC (Metropolitan Statistical Area)",4206665,4286165,4327012,4579222,5069835,5711993,6139136,6400163,6740807,6906291,7212751,7293228,7904672,8407316,9347484,9501289,9536524,9596301,10008070
24860,"Greenville-Anderson, SC (Metropolitan Statistical Area)",25709148,27243509,28305458,26244127,27053729,28039003,29776223,30472444,29858539,30730237,32600261,33729187,35718924,37692002,40425890,42188650,43968310,46620083,48965503
25060,"Gulfport-Biloxi, MS (Metropolitan Statistical Area)",10543706,10711302,11901547,12210389,13231381,14322170,19930499,17869186,16760281,16972812,16759928,17226482,15919717,17054964,16895738,16860398,17699775,18820571,18914116
25180,"Hagerstown-Martinsburg, MD-WV (Metropolitan Statistical Area)",5900177,6229850,6481304,7015654,7523332,8306750,8502292,8600006,8574603,8775302,9105370,9368464,9641331,9981882,10324888,10795373,11247326,11606641,12028770
25220,"Hammond, LA (Metropolitan Statistical Area)",1753245,1853806,2055970,2327830,2738606,3319137,3318761,3447192,3226262,3484589,4086609,3820182,3570155,3601207,3482318,3574841,3913429,4093673,4262128
25260,"Hanford-Corcoran, CA (Metropolitan Statistical Area)",3095312,3386118,3895920,4323489,4537702,4506136,5441194,5031663,4710893,4871435,5711347,5378069,5549191,6096096,6039700,6083737,6448532,6645763,7163683
25420,"Harrisburg-Carlisle, PA (Metropolitan Statistical Area)",21225780,22190413,23381567,24982178,26003123,27436079,28870180,29453309,29440446,30007722,31082253,32261002,33425963,35000627,36811161,37186772,37712294,39271577,40956120
25500,"Harrisonburg, VA (Metropolitan Statistical Area) *",5529477,4983628,4979946,5153036,5574539,5768525,5952618,6063773,6687447,7070865,7185903,7660530,7941622,7854723,7790282,7657290,7736809,7886548,8029217
25540,"Hartford-East Hartford-Middletown, CT (Metropolitan Statistical Area)",59957893,58955438,61754048,68315939,71463836,76633485,82719949,82942128,84327243,84676965,85525192,87551688,85705940,89468848,96959238,98641543,100915163,102912409,105147321
25620,"Hattiesburg, MS (Metropolitan Statistical Area)",3375122,3543674,3785346,4061795,4347255,4743908,4727702,5159642,5173236,5332352,5361608,5595899,5741466,5806044,5924266,5921631,6121180,6277129,6360656
25860,"Hickory-Lenoir-Morganton, NC (Metropolitan Statistical Area)",10810548,11004729,10834465,11378683,11645820,12364935,12373800,12206359,12105154,12604720,12734720,12705483,13057819,13399900,14176357,14602307,15028616,15488171,16135942
25940,"Hilton Head Island-Bluffton, SC (Metropolitan Statistical Area)",4527871,4678118,5086798,5639999,6181204,6267952,6584392,6561380,6356677,6310272,6398047,6567337,6926650,7270253,7736929,8037391,8230336,8661271,9202731
25980,"Hinesville, GA (Metropolitan Statistical Area)",1751482,1875341,2114176,2293679,2525788,2676370,2894876,3207450,3309695,3539659,3754810,3712036,3684109,3604153,3628814,3598505,3656005,3783793,3832350
26140,"Homosassa Springs, FL (Metropolitan Statistical Area)",2684205,2754082,2922937,3179879,3444503,4060937,4190582,4043764,3871310,3588656,3503578,3531658,3594495,3637127,3620991,3665794,3733976,3922257,4519101
26300,"Hot Springs, AR (Metropolitan Statistical Area)",1928011,2041704,2139009,2258111,2401334,2493969,2526816,2538532,2526602,2650566,2870775,2894331,2927055,2983561,3097970,3151472,3259494,3367953,3500689
26380,"Houma-Thibodaux, LA (Metropolitan Statistical Area)",7130260,6590101,7123085,7510679,8595504,10348133,10864739,11591306,10309199,10607362,10476784,10690748,11298919,11753908,10434998,9168798,9188743,9688887,9993959
26420,"Houston-The Woodlands-Sugar Land, TX (Metropolitan Statistical Area)",212867060,211472804,220164852,247732658,266740620,295888864,330778569,333877445,324632927,348908912,378123455,402853150,426150439,438868141,458706903,449039882,468643426,498007948,512222304
26580,"Huntington-Ashland, WV-KY-OH (Metropolitan Statistical Area)",8765514,9008779,9420312,10118468,10846463,11593965,11948153,12663931,12555046,12850918,13410737,14447116,15477035,14977814,15005103,14293441,14921836,16290656,16509915
26620,"Huntsville, AL (Metropolitan Statistical Area)",13017561,13713098,14551529,15844475,16919125,17955324,18925872,19734440,20490656,21509040,22116294,22519204,23189803,23773811,24687077,25567823,26621757,27983731,29467759
26820,"Idaho Falls, ID (Metropolitan Statistical Area)",3194897,3449564,3536222,3827446,4060630,4608320,4872342,5021887,5101501,5128728,5201500,5328071,5537231,5671009,6120753,6420363,6956696,7555653,7996470
26900,"Indianapolis-Carmel-Anderson, IN (Metropolitan Statistical Area)",73488539,75620914,79191879,85229160,88048466,91787546,97182287,102781379,104310389,108050107,110724893,113206365,118146555,123398394,123439662,127710379,131262379,139005699,144806700
26980,"Iowa City, IA (Metropolitan Statistical Area)",4925980,5221540,5410552,5797138,6015711,6446894,6692794,7155806,7302287,7639556,8110145,8393701,8911559,9308862,9454418,9727028,10217393,10681260,10702009
27060,"Ithaca, NY (Metropolitan Statistical Area)",3344755,3537120,3797338,3992242,4125853,4357541,4478810,4786653,4997297,5243691,5260798,5396234,5527146,5589203,5783047,5945251,6113843,6336326,6432476
27100,"Jackson, MI (Metropolitan Statistical Area)",3946866,4132356,4175084,4379357,4560285,4678341,4783579,4622001,4462873,4702171,4933038,5076488,5262685,5305723,5546745,5789372,5996354,6269928,6498141
27140,"Jackson, MS (Metropolitan Statistical Area)",16470498,17165588,18137223,19205650,20098972,20945796,20911381,22511857,21862997,22564806,23088470,23687697,24826835,25677152,26219091,26406304,26779028,27433892,27968733
27180,"Jackson, TN (Metropolitan Statistical Area)",4936756,4978773,5166648,5431753,5689467,6052189,6135154,6420625,6681480,7177029,7828212,7167476,7332755,7348038,7646571,7873823,8218534,8625931,8852931
27260,"Jacksonville, FL (Metropolitan Statistical Area)",41426013,43575315,46766720,50268387,54183572,58575995,60693633,59459906,57586047,58329850,58505668,60551163,63095817,65986661,70384607,73744195,77971478,82841403,87140015
27340,"Jacksonville, NC (Metropolitan Statistical Area)",3850822,3897169,4220578,4741411,5239732,5625967,6236904,6995754,7657347,8181339,8290604,8264440,8182394,8201289,8210830,8710723,8691600,9046749,9206722
27500,"Janesville-Beloit, WI (Metropolitan Statistical Area)",4434467,4975445,5090001,5268548,5279913,5711852,5759594,5554894,5376305,5584115,5768115,6046789,6401703,6362133,6675947,6862949,6947930,7482698,7947464
27620,"Jefferson City, MO (Metropolitan Statistical Area)",4469911,4545861,4772704,5072052,5284177,5698967,5882665,6190511,6225991,6412396,6522914,6635599,6896449,7235924,7589971,7599446,7551483,7901502,8121870
27740,"Johnson City, TN (Metropolitan Statistical Area)",4292731,4494694,4740888,5165305,5352311,5674093,5873849,6068635,6071887,5964313,6234591,6509497,6604815,6586428,7044783,7026510,7285648,7631272,7950220
27780,"Johnstown, PA (Metropolitan Statistical Area)",3456914,3466496,3598449,3730273,3910826,4111751,4305410,4496109,4504975,4628208,4720848,4754020,4807599,4806036,4832905,4788416,4836194,4996432,5236240
27860,"Jonesboro, AR (Metropolitan Statistical Area)",2601009,2755497,3042628,3288958,3481435,3577586,3557564,3707328,3801553,4068006,4273877,4324331,4590176,4511750,4748165,4891078,5156668,5366132,5600206
27900,"Joplin, MO (Metropolitan Statistical Area)",4691971,4785894,4965194,5242148,5478637,5765616,5898895,6210649,6110002,6324316,6412967,6609592,6733970,6906457,7371862,7373380,7487685,7867052,8065173
27980,"Kahului-Wailuku-Lahaina, HI (Metropolitan Statistical Area)",4577537,4944653,5470325,6219092,7094484,8017578,8505738,8262776,7688792,7960237,8388438,8760470,8897086,9164531,8763932,9788790,9981344,10584369,10995468
28020,"Kalamazoo-Portage, MI (Metropolitan Statistical Area)",8501201,9264446,9389629,9561291,9670665,9779440,10198429,10087966,10250018,10410456,10549578,10899178,11286097,11491545,12247102,12770603,13512942,14255291,14831049
28100,"Kankakee, IL (Metropolitan Statistical Area)",2679792,2819871,2905889,3063204,3131997,3449846,3589383,3743929,3833750,3954852,4077637,4387623,4425494,4672599,4929989,5366038,5916200,6188522,6450764
28140,"Kansas City, MO-KS (Metropolitan Statistical Area)",74524909,77473640,79957559,83144179,87593387,91678551,96433700,100894188,100172228,100309200,102233093,108118224,111233528,116506072,121838276,123675376,128799709,134267310,138499915
28420,"Kennewick-Richland, WA (Metropolitan Statistical Area)",6746585,7366172,7649484,8111939,8627882,9340438,10032604,10314576,11017528,12311300,12384610,12168299,12464184,12915035,13669476,14381368,14949981,15957828,16942303
28660,"Killeen-Temple, TX (Metropolitan Statistical Area)",8268888,8838715,9541093,10224461,11363438,12833848,13954275,15113412,15606731,15779282,16361607,16487817,16318455,16563831,17552638,17350946,18002583,18797485,19518474
28700,"Kingsport-Bristol, TN-VA (Metropolitan Statistical Area) *",8072587,8211778,8432752,9196241,9256553,10175409,10571870,10848096,11068016,11188140,11695606,12103196,12213018,12036589,12569771,12906649,13465661,13978072,14280404
28740,"Kingston, NY (Metropolitan Statistical Area)",3838128,4001327,4213531,4480607,4681765,5216971,5372352,5586128,5696476,5865102,5916788,6121761,6271500,6392016,6569477,6769907,7019009,7353496,7708912
28940,"Knoxville, TN (Metropolitan Statistical Area)",22838806,24456177,25700242,27737827,29234968,30726928,31407464,32338941,31643273,32100084,33642790,34801104,35660107,36820014,38744876,40290186,41848320,43897520,45335517
29020,"Kokomo, IN (Metropolitan Statistical Area)",3526958,3908491,4497673,4200083,3993102,4027383,4214556,3700119,2624539,4086078,4107932,4432599,4551234,4514966,4434122,4372532,4290722,4364455,4472655
29100,"La Crosse-Onalaska, WI-MN (Metropolitan Statistical Area)",4017571,4154075,4380051,4628793,4901936,5093207,5317345,5527303,5755407,6021578,6244448,6439288,6877088,7570959,7956288,7573175,7889524,8273883,8541980
29180,"Lafayette, LA (Metropolitan Statistical Area)",14336992,13386794,14093242,15046929,16628714,19726493,20162791,21934744,20538682,21358120,22213614,23437069,23549103,23958125,21963856,19998791,20393464,21368062,21996997
29200,"Lafayette-West Lafayette, IN (Metropolitan Statistical Area)",5671366,5903244,6196147,6534422,6804531,7287139,7746531,7817039,7295534,7849614,8205519,8367017,8900207,9355387,9673009,10248638,10862656,11488939,11751350
29340,"Lake Charles, LA (Metropolitan Statistical Area)",7931939,8098710,10675861,12496320,17997785,16772502,14932959,13502944,10577331,10154921,13538375,13590841,11588922,12122255,12151343,12710845,15841547,18089739,17999899
29420,"Lake Havasu City-Kingman, AZ (Metropolitan Statistical Area)",2876805,3212086,3392795,3769560,4156029,4599886,4853041,4689818,4435782,4439825,4480837,4514684,4707015,4915133,5098948,5303907,5296520,5565876,6005148
29460,"Lakeland-Winter Haven, FL (Metropolitan Statistical Area)",13014289,13703710,14405080,15532177,17001410,18783043,19616651,19473067,18890307,19070959,19386518,19954944,20757196,20968271,22532941,23558779,25274623,26785822,28360410
29540,"Lancaster, PA (Metropolitan Statistical Area)",16812615,17358880,17973532,18901592,19764097,20618772,21229174,21462008,21268147,22155499,22359216,22823237,23658379,24834273,26431524,26890125,28248096,29662516,30427329
29620,"Lansing-East Lansing, MI (Metropolitan Statistical Area)",17335933,18087376,18543291,18910367,19637089,20169389,20720624,19710854,19156458,20535551,20462289,20592484,21105408,21964235,23548596,24789911,25515571,26480707,27287751
29700,"Laredo, TX (Metropolitan Statistical Area)",5166616,5184530,5866391,6153700,7157673,7512449,7728886,8242228,7100285,7726109,8918083,9321353,10229504,11800322,10357965,9995791,10901991,11265029,11126450
29740,"Las Cruces, NM (Metropolitan Statistical Area)",3914249,4154569,4572860,4991216,5487620,5649064,5923732,5970246,6367620,6614319,6559264,6425357,6441348,6682393,6934859,7143109,7242040,7514386,7830931
29820,"Las Vegas-Henderson-Paradise, NV (Metropolitan Statistical Area)",56062526,59683090,63858036,73785580,84534069,91605482,95147969,92952533,85917211,85777918,88078558,88973895,92313816,96096878,103276160,107846053,112427827,122288155,128496477
29940,"Lawrence, KS (Metropolitan Statistical Area)",2883570,3007407,3013046,3132064,3215728,3309420,3443898,3690101,3764958,3757065,3868041,3961653,4131483,4324017,4511927,4703851,4875098,5090245,5160518
30020,"Lawton, OK (Metropolitan Statistical Area)",2849446,3053310,3364915,3576120,3608927,3935203,4107451,4360675,4646607,4901864,4873935,4744225,4851456,4932299,5211698,5153430,5060800,5172574,5362862
30140,"Lebanon, PA (Metropolitan Statistical Area)",2870354,2988073,3216118,3512004,3647945,3961657,4220301,4304187,4452108,4665617,4881144,5117103,5188654,5423812,5541747,5549693,5807512,6091638,6278654
30300,"Lewiston, ID-WA (Metropolitan Statistical Area)",1582434,1630985,1683239,1771075,1844561,1981912,2088118,2167694,2182158,2260394,2269323,2334357,2453311,2500122,2630325,2752812,2851421,3000439,3145738
30340,"Lewiston-Auburn, ME (Metropolitan Statistical Area)",2708485,2977545,3124956,3282366,3327214,3529899,3731580,3888730,3825864,3806916,3857808,4045408,4100835,4207495,4359643,4465808,4498758,4728237,4899769
30460,"Lexington-Fayette, KY (Metropolitan Statistical Area)",16437077,17330129,17770045,18797050,19876740,20817524,21474917,21305369,20449884,21377299,21716402,22659845,24112297,25243523,26879184,27748896,28233331,29050560,30125272
30620,"Lima, OH (Metropolitan Statistical Area)",3812931,4029612,4142790,4366879,4521252,4686269,4709584,4715250,5606283,6283537,7282471,7246283,6922247,7656097,7687582,7803360,7942707,8551719,8660540
30700,"Lincoln, NE (Metropolitan Statistical Area)",10262348,10556822,11154490,11580014,12389174,13046894,13649554,13535681,13619176,14140403,14552112,15077939,15474011,16419209,17289131,17825201,19068742,19756648,20551663
30780,"Little Rock-North Little Rock-Conway, AR (Metropolitan Statistical Area)",21174252,22135365,23488754,24921298,26884875,28226734,29770024,29944887,29832763,29951640,30966065,31669228,32596345,33364583,34366487,34885345,35553007,36994472,38124510
30860,"Logan, UT-ID (Metropolitan Statistical Area)",2318392,2368859,2556909,2738368,2806422,3092573,3368998,3620368,3842729,4130783,4341745,4234681,4391269,4628397,4911252,5206990,5550808,5936024,6235341
30980,"Longview, TX (Metropolitan Statistical Area)",8665037,8693429,9472321,10255518,12085653,13703374,15553999,18331051,16669526,16569422,16376060,16326142,16575873,16729505,14922090,14103095,14819002,16005015,16408685
31020,"Longview, WA (Metropolitan Statistical Area)",2550169,2527028,2672905,2792356,3028520,3364414,3675691,3623854,3632633,3995452,3926333,4126962,4369854,4482500,4671428,4763491,5021716,5398852,5783044
31080,"Los Angeles-Long Beach-Anaheim, CA (Metropolitan Statistical Area)",526124594,548702311,584583325,623181654,663066809,701353182,722446860,736076795,707417402,730732462,754619402,786045530,819397620,861651536,918856034,953307453,1002932044,1041691069,1088676191
31140,"Louisville/Jefferson County, KY-IN (Metropolitan Statistical Area)",40648601,41532315,43195576,45594143,48040969,50562087,51796440,52011555,50925729,53729154,55278701,58762658,60125908,62124950,65602544,68102420,68725631,71243822,73833749
31180,"Lubbock, TX (Metropolitan Statistical Area)",7177894,7448449,7725383,8247465,8748887,9389689,9876097,10008641,10128552,10863161,10912235,11538264,12295514,12461406,12819709,13282404,13784438,14500553,14957872
31340,"Lynchburg, VA (Metropolitan Statistical Area) *",6544171,6754647,7135989,7452439,7854316,8537666,8727576,8867653,9274445,9559902,9509672,9449070,9640726,9777202,10044170,10193473,10422783,10816883,11244872
31420,"Macon-Bibb County, GA (Metropolitan Statistical Area)",7837561,7976958,7951245,8398379,8583723,8962274,9021146,9263428,9334661,9465596,9758684,9942071,10194697,10487775,10808262,10887092,11168592,11882031,12088540
31460,"Madera, CA (Metropolitan Statistical Area)",2440065,2806417,2981649,3618494,3873024,4285379,4560854,4509224,4015532,4693311,4978331,5289625,5521365,5912729,5653491,6122107,6468415,6669130,7071620
31540,"Madison, WI (Metropolitan Statistical Area)",23683554,24954608,26260414,28190002,30115065,30956197,32504098,32457173,32910103,34193159,35888510,37514414,38872078,40997657,43544879,45473484,46818914,49780369,52010192
31700,"Manchester-Nashua, NH (Metropolitan Statistical Area)",15138432,15970948,17339894,18240584,19089589,19633538,20282527,20315477,20441277,20759324,21573612,22197889,22825247,23601830,24991699,25920052,26604270,27945407,28838608
31740,"Manhattan, KS (Metropolitan Statistical Area)",3540579,3634365,3896299,4184707,4452753,5016185,5581141,6039583,6212805,6614386,6979444,6986728,6875796,6840662,7109347,6948816,6965461,7081721,7081674
31860,"Mankato, MN (Metropolitan Statistical Area)",2953442,3137902,3181094,3499802,3683437,4085954,4150574,4264468,4146694,4376792,4645130,4916498,5140382,5400075,5481213,5464334,5602755,5816222,6060499
31900,"Mansfield, OH (Metropolitan Statistical Area)",3843042,4042743,4091699,4302190,4429818,4485723,4356853,4235835,3738456,3964846,4183339,4295397,4354664,4512170,4474287,4516035,4639316,4839956,4940011
32580,"McAllen-Edinburg-Mission, TX (Metropolitan Statistical Area)",10071789,10576716,11774031,12563320,13788055,14940189,16321442,17114436,16060449,16553796,17172051,17605754,18754170,19347122,19560802,19912743,20554139,21465117,22341504
32780,"Medford, OR (Metropolitan Statistical Area)",4705641,5026377,5290566,5708130,5971572,6472365,6823036,6839048,6722074,6579575,6653242,6687692,7086963,7433317,7987545,8490502,9037264,9502279,9978542
32820,"Memphis, TN-MS-AR (Metropolitan Statistical Area)",47936696,49527344,50862691,53361909,55771521,57684895,58327642,59153158,58273182,59050249,60740139,64189227,65988089,66721203,69838494,71700870,73665254,76886191,78866609
32900,"Merced, CA (Metropolitan Statistical Area)",4369943,4719277,5320705,6147188,6371404,6680896,7909623,7155570,6795457,6985034,7705641,7704366,8268420,9241128,9285603,9273118,10182068,10242532,10922271
33100,"Miami-Fort Lauderdale-Pompano Beach, FL (Metropolitan Statistical Area)",179177773,189485260,199657999,216256041,236690689,248202792,253943567,247600047,237711859,247183492,251259727,257307873,270401297,286067680,306274943,321842565,340141014,361607476,377531846
33140,"Michigan City-La Porte, IN (Metropolitan Statistical Area)",2929471,2964933,3013852,3225242,3274680,3469366,3630998,3722380,3443371,3653557,3740869,3843139,3920060,4112094,4001289,3973779,4089052,4250801,4330945
33220,"Midland, MI (Metropolitan Statistical Area)",3414414,3556434,3454890,3737795,3450601,3646274,3801000,3768634,3705959,3883804,4057180,4238986,4252083,4959162,5570342,5246928,5312060,5608652,5650311
33260,"Midland, TX (Metropolitan Statistical Area)",4450932,4381883,4834178,5483224,6594455,7987040,9274924,11586323,9743962,11907127,15007202,18103500,19376654,20882889,17050646,16507925,22223074,31225198,32188850
33340,"Milwaukee-Waukesha, WI (Metropolitan Statistical Area)",63695970,64973934,67628189,70635848,74705388,77825699,80180924,80347089,80115796,82441556,85303664,87643471,89319892,91495134,94972910,97058495,98992405,103962103,107136039
33460,"Minneapolis-St. Paul-Bloomington, MN-WI (Metropolitan Statistical Area)",140645367,144656626,153902372,164654474,174947507,177586623,184208344,186240621,183213254,190421247,199248251,207295506,216024839,228572612,237402347,243734808,252654586,267042788,274191982
33540,"Missoula, MT (Metropolitan Statistical Area)",2772924,2963189,3118616,3295159,3464578,3650272,3887543,4083374,4164495,4132937,4255828,4316975,4415638,4557629,4847792,5071995,5447154,5711864,5865095
33660,"Mobile, AL (Metropolitan Statistical Area)",11845916,12085703,12545866,13337942,14353025,15748671,16329012,16915688,16980287,17484073,18300151,18396616,18775142,19292670,19268878,19654679,20140079,21136933,21672326
33700,"Modesto, CA (Metropolitan Statistical Area)",11976309,12741484,13578206,14896162,15675557,16855869,17355651,17184933,17250959,17414561,17925915,18237533,18951773,20658076,21804488,22516653,23982194,24992100,26471782
33740,"Monroe, LA (Metropolitan Statistical Area)",5208648,5631686,5888720,6325554,6694596,6849742,6223068,6176010,6732359,6924002,6828143,7087826,7654149,7919784,8261088,8361775,8307252,8659065,8689002
33780,"Monroe, MI (Metropolitan Statistical Area)",4420976,4622786,4826752,4823615,4957324,5289803,5390140,5126851,5043523,5281339,5367457,5236050,5526666,5703223,5754877,5831807,5927039,5977332,6192097
33860,"Montgomery, AL (Metropolitan Statistical Area)",10584315,11048881,11566608,12428546,13172993,13920769,14266611,14336561,14280545,14816414,15228899,15589527,15947829,16109765,16842719,17390827,17572326,18057271,18621097
34060,"Morgantown, WV (Metropolitan Statistical Area)",3233085,3407708,3557933,3884651,4286080,4514724,4687693,5012559,5459223,5899807,6087466,6248730,6762482,6907143,7243082,7305546,7512883,7684501,7863991
34100,"Morristown, TN (Metropolitan Statistical Area)",3007994,3058948,3103429,3287585,3350065,3578892,3690760,3673378,3543354,3856457,3920523,4174263,4311866,4498137,4743050,4844391,4919476,5070918,5299474
34580,"Mount Vernon-Anacortes, WA (Metropolitan Statistical Area)",3213439,3809939,3874229,3815504,5058914,5058625,5452393,5545240,5498131,5914008,5482735,5563534,5866017,6162476,7099525,6492554,7022800,7906833,7931283
34620,"Muncie, IN (Metropolitan Statistical Area)",3174594,3199840,3325006,3305260,3320294,3459271,3404937,3387278,3307919,3657140,4181062,3590380,3710287,3789805,3869779,3901888,4036404,4133980,4309940
34740,"Muskegon, MI (Metropolitan Statistical Area)",4238786,4367423,4423496,4595132,4806369,5040100,5163861,5111504,4847159,5099922,5285928,5505489,5699607,5918026,6051789,6021911,6185160,6411774,6464210
34820,"Myrtle Beach-Conway-North Myrtle Beach, SC-NC (Metropolitan Statistical Area)",8600737,8929105,9527439,10437031,11623152,11854914,12352130,12054826,11710573,11840294,12194911,12379683,13072185,13995889,14725433,15540365,16602390,17438134,18461134
34900,"Napa, CA (Metropolitan Statistical Area)",5595519,6015057,6175683,6210363,6698645,7038158,7380009,7479625,7577558,7464055,7520165,8162828,8724840,9514255,10344704,10761613,11074508,11286400,11816527
34940,"Naples-Marco Island, FL (Metropolitan Statistical Area)",9004996,9659060,10340392,11178445,12781396,13445320,13690186,12588108,11657208,12026007,12152403,12445984,12995463,14062824,15307453,16250101,16831332,17899611,19069461
34980,"Nashville-Davidson--Murfreesboro--Franklin, TN (Metropolitan Statistical Area)",55066655,58213215,61759054,66857759,70578111,74897242,76501804,80755314,81125010,82957382,86979696,94197647,98146237,104796242,114730781,120319374,125869192,132575686,138558743
35100,"New Bern, NC (Metropolitan Statistical Area)",3243932,3280687,3519366,3777852,4151276,4363038,4683722,4700133,4697192,4889120,4890345,4929373,5231390,5497071,5599984,5286321,5337574,5525543,5875112
35300,"New Haven-Milford, CT (Metropolitan Statistical Area)",33185507,34842777,35429658,38764098,40233321,42792282,44069604,45286629,44708652,45429000,45564454,45430748,46518674,46955517,48546169,49971085,51103971,53258214,55285964
35380,"New Orleans-Metairie, LA (Metropolitan Statistical Area)",46034692,47081871,52305893,56449875,64047857,63696116,69626237,74294708,69791118,81294462,68819591,71495323,68984403,70791972,70955341,70358726,76711616,81789215,83557049
35620,"New York-Newark-Jersey City, NY-NJ-PA (Metropolitan Statistical Area)",948779075,962894133,983163120,1034450218,1096833984,1152815433,1197369232,1189170994,1225294699,1284183559,1309603152,1401401443,1447038040,1509213361,1576387303,1640015703,1699894281,1799148324,1861147410
35660,"Niles, MI (Metropolitan Statistical Area)",5051392,5192558,5337054,5603192,5607561,6041730,6484632,6147934,5610018,6197419,6308655,6361561,6590822,6829802,7095660,7432708,7905609,7992334,8088750
35840,"North Port-Sarasota-Bradenton, FL (Metropolitan Statistical Area)",16505555,18185545,19507599,22039636,24984955,26821233,26623532,24744609,23638997,23201735,23552117,23827062,25004005,26729322,29218886,30638151,32095782,34480211,36550990
35980,"Norwich-New London, CT (Metropolitan Statistical Area)",11111053,11862758,12875126,14636798,15653470,17240230,18906051,17994365,16593833,16555495,16612041,16724747,17518425,16911898,17758471,17914167,19047444,19376129,19956591
36100,"Ocala, FL (Metropolitan Statistical Area)",5150399,5471823,5917862,6426302,7202201,8312556,8649875,8542025,7875450,7795021,7705300,7794834,8015153,8258934,8691572,9361059,9567422,10077510,10747608
36140,"Ocean City, NJ (Metropolitan Statistical Area)",3364080,3620093,3889071,4178682,4456788,4681323,4763525,4684117,4622583,4707332,4745651,4832108,4948449,5107884,5236024,5321886,5373219,5432880,5959758
36220,"Odessa, TX (Metropolitan Statistical Area)",3838034,3976174,4295007,4781564,5532721,6685628,7680885,9375239,7870735,9089958,11201362,12860156,13501869,13691006,10456092,8980937,10258180,12389704,12705336
36260,"Ogden-Clearfield, UT (Metropolitan Statistical Area)",12769457,13390005,13989202,14719142,15998289,18196835,19404379,19507795,19507706,20188659,20862997,21006614,22095223,22747139,23876781,25227607,27342010,29018369,30652639
36420,"Oklahoma City, OK (Metropolitan Statistical Area)",35584559,36760145,39322669,42265578,46461697,50945293,52907618,60390233,56067621,58787464,63097795,66628928,71277891,75116680,71770174,70298727,73735142,79540009,79475474
36500,"Olympia-Lacey-Tumwater, WA (Metropolitan Statistical Area)",6441029,6700373,6950136,7242905,7782598,8491096,9287167,9784538,9739943,9891639,9883954,10220416,10678339,11187852,11441105,12232417,12969230,14175533,14904006
36540,"Omaha-Council Bluffs, NE-IA (Metropolitan Statistical Area)",29922534,31401771,33252149,35771190,37801973,39836834,42089557,42881383,44125395,45812572,49032660,50840066,50826435,54642572,57490974,58105787,61501019,63209946,66243823
36740,"Orlando-Kissimmee-Sanford, FL (Metropolitan Statistical Area)",64413012,68265215,72831296,79314701,88095110,92665743,96839331,95788393,91619267,92777772,94142086,98829025,103627068,109568763,117835320,124528018,131584014,140163201,147218306
36780,"Oshkosh-Neenah, WI (Metropolitan Statistical Area)",6582381,7242963,7282669,7473865,7677382,8005326,8186944,8115110,8285751,8511194,8674885,8972614,9083165,9341510,9623325,10025196,10145550,10551468,10971438
36980,"Owensboro, KY (Metropolitan Statistical Area)",3200409,3447868,3659241,3818971,3917595,4277949,4303002,4609480,4531791,4846732,5017439,5112924,5466004,5509267,5537093,5569066,5711667,5914373,6021698
37100,"Oxnard-Thousand Oaks-Ventura, CA (Metropolitan Statistical Area)",28406639,29503626,31889943,35999012,38729737,44692156,48891127,46175628,46711448,46662010,45420957,45711791,47542181,48431085,49480640,49938113,50590762,52200857,54760484
37340,"Palm Bay-Melbourne-Titusville, FL (Metropolitan Statistical Area)",13203412,13811309,14786025,16435001,17968981,19520899,20803047,20865585,20000789,19979572,19480887,19230474,19781138,20510803,21751334,22717320,24053944,25485585,27485088
37460,"Panama City, FL (Metropolitan Statistical Area)",4365312,4748087,5086416,5703568,6343587,6889964,7025691,7093117,7030844,6981087,6925477,6966927,7179626,7522881,7871526,8102080,8371324,8752748,9017351
37620,"Parkersburg-Vienna, WV (Metropolitan Statistical Area)",2644202,2794176,2837934,2895514,2946335,3185938,3126198,3263546,3483956,3439246,3511334,3542906,3464077,3516044,3548169,3507694,3520380,3628175,3742777
37860,"Pensacola-Ferry Pass-Brent, FL (Metropolitan Statistical Area)",10755959,11193575,11878331,12772551,13693068,15099399,15543826,15416046,15331255,15576290,15935785,16263473,16763167,17202026,18282641,18874432,19525842,20594184,22100769
37900,"Peoria, IL (Metropolitan Statistical Area)",13476044,13632130,14143855,15117225,16319128,18202119,19742695,20391946,20632124,22309030,25486389,29086983,25627367,25538746,24064939,23120205,22519574,23542114,23669529
37980,"Philadelphia-Camden-Wilmington, PA-NJ-DE-MD (Metropolitan Statistical Area)",242711233,248994404,264708393,282808160,294033389,305345751,324179520,335858760,331431364,340515625,349155094,365407564,375029591,391263198,406214704,414965647,419201418,436692774,454692188
38060,"Phoenix-Mesa-Chandler, AZ (Metropolitan Statistical Area)",123966933,129964926,139687463,149681693,166921151,180986929,189702566,186051120,173214943,175091722,182632386,192596109,197918359,206225091,218258928,229281490,240890139,257292963,272113776
38220,"Pine Bluff, AR (Metropolitan Statistical Area)",2758147,2760011,2922976,3136119,3203598,3370146,3328181,3433223,3476449,3618451,3623008,3711708,3911766,3775272,3656527,3613839,3622034,3682869,3699066
38300,"Pittsburgh, PA (Metropolitan Statistical Area)",81739734,84225293,88003947,92796493,97086209,100679926,106231594,110903924,110280015,116388532,121443043,125266021,129427270,135016972,139572348,140674430,147065116,156722805,162171323
38340,"Pittsfield, MA (Metropolitan Statistical Area)",4324279,4544970,4557104,4794919,5074940,5352040,5461137,5609828,5710245,5833321,6048563,6486552,6658021,6948610,7149699,7198084,7177868,7502616,7824707
38540,"Pocatello, ID (Metropolitan Statistical Area)",2218232,2127517,2168983,2368387,2546587,2667367,2785707,2913962,2851092,2844621,2887143,2954902,2984779,2991973,3108800,3164876,3306424,3497591,3685098
38860,"Portland-South Portland, ME (Metropolitan Statistical Area)",17752265,18327669,19425159,20817672,21487989,22129977,22664433,23235455,23667259,24162763,24427423,25074706,25341766,26612531,27652475,28916257,30142695,31774904,32994780
38900,"Portland-Vancouver-Hillsboro, OR-WA (Metropolitan Statistical Area)",78259848,79796047,84621058,91051556,96528402,102814877,107099975,111629352,107652293,110258571,115541052,119339378,122246877,128664923,138192190,146373408,155441057,166810793,174937438
38940,"Port St. Lucie, FL (Metropolitan Statistical Area)",8211004,8716731,9233544,10501960,11973397,13326818,13873571,13332394,13210568,13153267,13071661,13416380,13814838,14143343,14988273,15431746,16090427,16936764,17930019
39100,"Poughkeepsie-Newburgh-Middletown, NY (Metropolitan Statistical Area)",17657208,18150211,19346762,20407573,21335006,22199220,22961752,24092585,24714357,25496574,25709426,26569932,27081885,27541601,28792017,29491258,30592988,32390701,34273188
39150,"Prescott Valley-Prescott, AZ (Metropolitan Statistical Area)",3212455,3467691,3781534,4217014,4865547,5521108,5722759,5704642,5400774,5318845,5306519,5407372,5572683,5880126,6104406,6423848,6923210,7202605,7569941
39300,"Providence-Warwick, RI-MA (Metropolitan Statistical Area)",51681740,54362692,57069031,60356318,62692732,66731077,67187554,67294383,67825547,70063310,71328597,73190229,75066956,77681747,81698720,83018422,84863281,87803513,91015993
39340,"Provo-Orem, UT (Metropolitan Statistical Area)",8907463,9248522,9728139,10580934,11695411,13289637,14836104,15111904,15385130,15934837,16702893,17331491,18355914,19595570,21480461,23167091,24697077,27373021,29567050
39380,"Pueblo, CO (Metropolitan Statistical Area)",3411353,3546736,3720306,4073998,3976796,4404113,4581890,4962449,4984965,5160674,5405472,5630735,5634353,5725695,6029938,6243005,6529371,6834506,7234789
39460,"Punta Gorda, FL (Metropolitan Statistical Area)",2541274,2737422,2905954,3174915,3624154,4002801,4032394,3907738,3752941,3723725,3776913,3886530,4031227,4139290,4455613,4694981,4908354,5188057,5695832
39540,"Racine, WI (Metropolitan Statistical Area)",6266581,6372444,6567847,6890428,6979158,7370641,7306094,7239819,7327861,7745763,7826654,8059614,7992196,8238463,8381795,8447296,8428913,8839685,9128301
39580,"Raleigh-Cary, NC (Metropolitan Statistical Area)",34091189,35631620,37083970,39659648,43064802,46636792,49724267,51741053,50613844,53898300,54797260,57352225,61888471,66658489,73017381,78207715,83612176,90200059,94806039
39660,"Rapid City, SD (Metropolitan Statistical Area)",3373891,3879573,3982538,3958611,4203241,4187406,4406608,4592770,4598916,4789835,4973225,5172679,5248552,5528288,5746872,5856984,6068569,6300443,6542057
39740,"Reading, PA (Metropolitan Statistical Area)",11436659,11780028,12116964,12740369,13371076,14655375,15114741,15440769,15194049,15757395,16304383,16668892,17054308,17956296,19006807,19324682,19453406,20373268,21090268
39820,"Redding, CA (Metropolitan Statistical Area)",4726881,5381362,5724307,5853986,5970178,6743290,6775732,6493933,6377790,6590135,6834789,6691760,6972903,7289062,7682697,8117664,8714538,8888703,9783798
39900,"Reno, NV (Metropolitan Statistical Area)",15299719,15750774,16516184,18344630,19900268,20971719,21316401,20484246,19604085,20678850,20602531,21360483,21590397,22386892,24765443,26345150,28418097,28772553,30422902
40060,"Richmond, VA (Metropolitan Statistical Area) *",46766596,46592423,48248150,50201497,54546964,57123888,59363766,59987912,60333004,62446509,64920915,67860274,71236321,73389723,78535847,81082697,84382424,87577128,91359840
40140,"Riverside-San Bernardino-Ontario, CA (Metropolitan Statistical Area)",78133279,84300715,92458468,102750356,113006016,124390999,129578652,127353567,121865691,123450056,128839971,132669480,140440192,149672030,161762591,169080529,177249880,186022294,199640303
40220,"Roanoke, VA (Metropolitan Statistical Area) *",10455402,10620282,10928925,11242299,12091420,13022314,13711521,13877466,13839208,14012817,14245200,14533322,15050318,15441155,16312590,16305097,16400220,16943527,17680158
40340,"Rochester, MN (Metropolitan Statistical Area)",6821578,7354031,7920906,8405873,8644583,9013922,9277932,9587498,9625534,10273933,10457004,10875353,11391988,11485874,11986385,12352666,12959813,13722039,14162256
40380,"Rochester, NY (Metropolitan Statistical Area)",39670914,40891153,41900144,42734477,44141337,46484467,47848430,49221347,51216688,52668643,52554081,54309629,54835171,55187627,57696031,58838117,60065189,62085735,65028743
40420,"Rockford, IL (Metropolitan Statistical Area)",10435215,10794513,11135914,11601207,12152186,13129543,13629740,13598077,13002653,13196206,13779730,14197542,14238264,14775710,15336939,15592458,16024313,16830667,17134190
40580,"Rocky Mount, NC (Metropolitan Statistical Area)",4775383,4784961,4897847,5002531,5179981,5560643,5721379,5849029,7171104,6583419,6193876,5579311,5760276,7329627,9011475,9539431,9188754,9278142,7689597
40660,"Rome, GA (Metropolitan Statistical Area)",3279374,2957888,3017868,3216538,3211233,3396725,3519674,3569342,3582611,3624590,3668957,3681073,3685014,3901824,4141846,4329220,4296492,4383169,4565745
40900,"Sacramento-Roseville-Folsom, CA (Metropolitan Statistical Area)",69807657,74044247,79996775,85715720,92792049,98341228,101580296,102382336,99955848,98568412,101568439,104794885,110750133,116798978,125120545,129778598,135920193,143456383,153331952
40980,"Saginaw, MI (Metropolitan Statistical Area)",6601325,6804770,7153528,7164122,7318699,7343579,7334164,6882307,6644137,7103600,7246080,7397354,7630750,7673197,7981971,8302700,8274890,8599004,8784207
41060,"St. Cloud, MN (Metropolitan Statistical Area)",5637936,5885770,6049478,6517629,6787526,7181841,7451037,7731047,7672281,7813062,8213190,8424716,8858387,9416692,9746020,10141614,10513886,10824785,11106973
41100,"St. George, UT (Metropolitan Statistical Area)",1980333,2133293,2332190,2612691,2999502,3475720,3716525,3619310,3368813,3359992,3435483,3656205,3983434,4271996,4650029,5127075,5761539,6294917,6550055
41140,"St. Joseph, MO-KS (Metropolitan Statistical Area)",3317722,3466645,3579114,3869624,3955941,4210432,4409989,4687365,4780621,4839597,4948410,5485859,5734050,5639663,5622229,5748349,6003873,6208854,6479547
41180,"St. Louis, MO-IL (Metropolitan Statistical Area)",101951763,105099152,110331086,115478158,120985112,124542105,128839947,134960428,134803722,138289320,140820210,145745589,147142809,149845248,155123528,156673915,161393007,168626740,173456187
41420,"Salem, OR (Metropolitan Statistical Area)",8863553,9167630,9635741,10094453,10745643,12038565,12395293,12743579,12470739,12658153,12767563,13042896,13564774,14232628,15454758,16501085,17582880,18922416,19926489
41500,"Salinas, CA (Metropolitan Statistical Area)",15619341,16545212,17328431,16510396,17096950,19232288,19722919,19661543,20360049,20535152,20395490,21344927,23300215,24086389,25734854,26110455,27076262,28216017,29455388
41540,"Salisbury, MD-DE (Metropolitan Statistical Area)",11178174,11173690,11742639,12811189,13954927,14981588,15636486,15873532,15894496,15663157,15830143,16561893,17694797,19150289,21188006,21080938,21113337,22073428,23340302
41620,"Salt Lake City, UT (Metropolitan Statistical Area)",40243844,41835189,42947732,46696659,50887412,56524649,60908756,60768187,59342784,61855902,66043737,69285847,71757498,75495315,80101490,84892972,89139073,97086468,102801166
41660,"San Angelo, TX (Metropolitan Statistical Area)",3292449,3251111,3351098,3495883,3756574,4022599,4297967,4795973,4543869,5035657,5507230,6080984,6973012,7612599,6522957,6085652,6447442,7062486,7180449
41700,"San Antonio-New Braunfels, TX (Metropolitan Statistical Area)",52496075,55267125,58874655,62559185,66581574,72206828,76769342,79116232,78975454,82844500,87732905,91695966,97320117,104583064,111269905,114275236,116971914,125162853,129394189
41740,"San Diego-Chula Vista-Carlsbad, CA (Metropolitan Statistical Area)",117083125,124847611,134395268,145709061,157310766,164992812,171522078,171073628,166040899,168687239,174636986,180309903,191006452,201384751,213594695,220259799,230605088,242242089,253117792
41860,"San Francisco-Oakland-Berkeley, CA (Metropolitan Statistical Area)",241522567,241069448,250266606,261820634,284589379,302385828,312831690,328924834,311520089,318298158,331635333,366308515,386700718,419485442,452979875,484077304,528286844,562155764,591945456
41940,"San Jose-Sunnyvale-Santa Clara, CA (Metropolitan Statistical Area)",122389997,116386694,121053517,125439674,133527844,143268561,155430435,161188986,158904528,171248954,184894983,193278097,213278290,230779206,255387545,272161899,292548122,316014244,334600993
42020,"San Luis Obispo-Paso Robles, CA (Metropolitan Statistical Area)",8341107,9319117,9877823,10299216,11085243,12143554,12551005,11892394,12021681,12640735,13187672,13751028,14600832,15271893,16395934,16733559,17303812,18270090,19065947
42100,"Santa Cruz-Watsonville, CA (Metropolitan Statistical Area)",8634933,8770966,9068619,9262276,9473534,10150062,10494137,10546581,10827706,11707316,11844572,11944124,12607083,13280804,13819275,14218582,14672217,15446853,16467676
42140,"Santa Fe, NM (Metropolitan Statistical Area)",4229692,4874332,4537923,4733197,5062074,5385317,5834393,6168349,5779740,5842150,5824572,5903877,6036941,6114395,6302738,6381240,6453142,6715055,7013692
42200,"Santa Maria-Santa Barbara, CA (Metropolitan Statistical Area)",14253132,15133592,16175025,17335187,18586550,19786604,20806485,21158969,21363180,21518667,22316837,23165737,24117212,25180101,26773687,27098590,28534999,29998810,31348798
42220,"Santa Rosa-Petaluma, CA (Metropolitan Statistical Area)",16734104,17791173,18025324,18429170,19279282,20656470,21437191,21297309,20998831,21457445,22118004,22862641,24103672,25763475,27662706,28771168,30043766,31702754,33339740
42340,"Savannah, GA (Metropolitan Statistical Area)",9439832,9799018,10285439,11153896,12247628,13472023,14082485,14147244,14333891,14806902,15386141,16211868,16818677,17995411,19143085,19911117,20847758,22100329,22775330
42540,"Scranton--Wilkes-Barre, PA (Metropolitan Statistical Area)",16235609,16419539,17024423,17820678,18516338,19657989,20644393,21399762,21940580,22609753,23049125,23496999,24176356,25186095,26037768,26668133,27419696,28604583,29808582
42660,"Seattle-Tacoma-Bellevue, WA (Metropolitan Statistical Area)",160864726,164616201,169917663,177101392,194233202,207501801,227936601,234735801,232390915,239383387,250843527,268999178,284097959,301906715,323494282,339661578,363289343,396750966,424750310
42680,"Sebastian-Vero Beach, FL (Metropolitan Statistical Area)",2929290,3151512,3428965,3749364,4191622,4533729,4693166,4619199,4386964,4266411,4353088,4519304,4705284,5013810,5394343,5780594,6074427,6390242,6829885
42700,"Sebring-Avon Park, FL (Metropolitan Statistical Area)",1421047,1560606,1650073,1821568,1985745,2348907,2451397,2351270,2309019,2287982,2303579,2382738,2332952,2361990,2431717,2500957,2609988,2665245,2909319
43100,"Sheboygan, WI (Metropolitan Statistical Area)",4343021,4481835,4627379,5036868,5057464,5273629,5466019,5536415,5547289,5660826,5725420,6032911,6145383,6359341,6672979,6984807,7158925,7390353,7590371
43300,"Sherman-Denison, TX (Metropolitan Statistical Area)",2720080,2792398,2900548,3137640,3224127,3523772,3588478,3715708,3657985,3763394,4029850,4184566,4305171,4446277,4560188,4645063,4861850,5193685,5357836
43340,"Shreveport-Bossier City, LA (Metropolitan Statistical Area)",11246750,11331218,12441538,13648535,15515700,16566910,15856198,17125487,17729191,20067977,22296159,20814174,19790160,19881306,18878171,18576228,20350355,22010517,22012841
43420,"Sierra Vista-Douglas, AZ (Metropolitan Statistical Area)",2579945,2690400,2979017,3173717,3488874,3821164,4183114,4279718,4387577,4574454,4622536,4472156,4430186,4417945,4584473,4750530,4754456,4919666,5220287
43580,"Sioux City, IA-NE-SD (Metropolitan Statistical Area)",5853650,5337826,5298154,5752783,6115924,6433144,6755688,7349576,7188290,7434099,7296955,7198836,7266016,7368954,7906228,8107411,8058981,8506767,8796560
43620,"Sioux Falls, SD (Metropolitan Statistical Area)",7413079,8783677,8856296,10626845,11573384,12895395,13516523,13955264,14019061,14056279,15259772,17051567,17000960,18262617,19021127,20047155,20744528,22343533,23402102
43780,"South Bend-Mishawaka, IN-MI (Metropolitan Statistical Area)",9195847,9632107,10226522,10754536,11032493,11569742,11951317,11710832,10926863,11579994,11873014,12309878,12664778,13433162,13966573,14163347,14501803,15313434,16029644
43900,"Spartanburg, SC (Metropolitan Statistical Area)",8213405,8559488,8983326,9628582,10083306,10841244,10976141,10943224,10475953,10938794,11214252,11286021,11741648,12163106,13088612,14117049,15224201,15958246,16949722
44060,"Spokane-Spokane Valley, WA (Metropolitan Statistical Area)",13627462,13891660,14494473,15447641,16667481,18130561,19497151,20116685,19863377,20076405,20497915,21097718,21979675,22961493,23857922,24980075,26594426,29007941,31025281
44100,"Springfield, IL (Metropolitan Statistical Area)",7567168,7893096,7900750,8192900,8373053,8874911,9224558,9357535,9542886,9891926,10124667,10161515,10364612,10742709,10960442,11124600,11449013,12162309,12526094
44140,"Springfield, MA (Metropolitan Statistical Area)",20281325,21011981,21936498,22782960,23447728,24390254,25056076,25696462,25947392,26801215,27751488,28739732,29359092,30327631,31894617,32638221,33551819,34714568,36095877
44180,"Springfield, MO (Metropolitan Statistical Area)",10920646,11445500,12144093,13016689,13976184,14533769,15012926,15555362,15569623,15595712,15668910,16220689,16473760,17309519,18321597,18693025,19177619,20182398,20847892
44220,"Springfield, OH (Metropolitan Statistical Area)",3524846,3614684,3617235,3823349,3864961,4067260,3958001,3910978,3852263,3923589,4068204,4135322,4258816,4393227,4526118,4582951,4664043,4843057,4985436
44300,"State College, PA (Metropolitan Statistical Area)",4206771,4423087,4614248,4985836,5425675,5593028,5878576,6169809,6327769,6639294,6937351,7223886,7533853,7774846,8074619,8388555,8715505,8888794,9186815
44420,"Staunton, VA (Metropolitan Statistical Area) *",3506814,3407210,3384322,3675126,3934540,4119240,4297971,4421270,4727764,4818229,4729180,4675460,4812040,4925490,5040711,5092958,5173175,5327859,5543563
44700,"Stockton, CA (Metropolitan Statistical Area)",15873006,16942946,18244840,19846029,21435992,22440548,23075278,22940378,22453527,22259875,22599375,23489838,24904283,26278627,28201374,29028714,30679432,32511586,34339849
44940,"Sumter, SC (Metropolitan Statistical Area)",2828704,2933233,3095758,3246320,3356193,3611236,3775745,3747431,3774495,3899136,3990558,4249720,4380566,4307181,4439885,4503988,4774802,4982216,5276575
45060,"Syracuse, NY (Metropolitan Statistical Area)",23549890,23983285,25091643,26261452,27507236,28940881,30232601,30437641,31661713,32825188,32782974,34299459,35577814,36833391,38336972,38446915,39617908,41301663,43390586
45220,"Tallahassee, FL (Metropolitan Statistical Area)",10480684,10990137,11441214,12182841,12612826,13613087,14524673,14489992,14464350,14461257,14572646,14911357,15049048,15620914,16183625,16749706,17521530,18336173,19201689
45300,"Tampa-St. Petersburg-Clearwater, FL (Metropolitan Statistical Area)",80052051,84944998,90375358,98238016,106532966,113518197,116937330,115077754,113608652,115079449,116789564,120987348,125417877,130139580,138789723,145008843,150598762,159813132,169151030
45460,"Terre Haute, IN (Metropolitan Statistical Area)",4900621,5110917,5427482,5672242,5797293,6140358,6394109,6573586,6516026,6845001,7023833,6991321,7842905,7946920,7616512,7521070,7541104,7669904,7921798
45500,"Texarkana, TX-AR (Metropolitan Statistical Area)",3505321,3651292,3732380,3980362,4196309,4603152,4785431,5000413,4996939,5096456,5225142,5325952,5202704,5210216,5385567,5486288,5560705,5739537,5932375
45540,"The Villages, FL (Metropolitan Statistical Area)",695663,779158,928340,1004983,1211146,1489106,1664070,1668836,1657158,1725944,1855278,2009623,2171609,2253439,2366887,2443839,2626661,2874180,3131534
45780,"Toledo, OH (Metropolitan Statistical Area)",23857038,24461875,25072258,25877592,27357846,28573233,29006524,27972003,27499754,29072333,31682334,31748009,32731439,35261096,34179031,34070412,35077146,37548841,38379623
45820,"Topeka, KS (Metropolitan Statistical Area)",7062022,7291076,7440512,7763212,7905192,7975379,8569416,8945206,9110474,9189050,9605219,9970621,9992460,10389066,10792355,11155432,11374701,11857674,12085036
45940,"Trenton-Princeton, NJ (Metropolitan Statistical Area)",19020447,20022251,20861879,21759534,22721334,23753347,24224273,25690717,25216417,25663636,26196570,28353358,29169165,29427286,30683416,32204808,32669976,33882823,36074135
46060,"Tucson, AZ (Metropolitan Statistical Area)",24879407,25348095,27304541,27694888,30114034,32312858,34607444,35248178,33824245,34876663,35401144,36578145,36915823,37870714,38711780,40871950,43587907,45993409,48387560
46140,"Tulsa, OK (Metropolitan Statistical Area)",28734750,28900779,29521669,31479901,35265019,39929886,41275112,44829348,40163383,40996445,44905331,47439656,49378518,53488421,52316107,49188850,51868988,56096066,57818637
46220,"Tuscaloosa, AL (Metropolitan Statistical Area)",5905505,6252285,6876336,7663643,8479464,8769939,9495234,9403088,8433774,9043920,10361216,10188737,10440189,10247772,10077092,10161959,10849142,11605202,11915411
46300,"Twin Falls, ID (Metropolitan Statistical Area)",2242083,2297054,2376635,2620205,2746716,2984114,3355393,3385338,3082516,3335378,3473212,3736750,4006755,4244920,4332465,4530846,4715358,4937145,5208497
46340,"Tyler, TX (Metropolitan Statistical Area)",5512391,5565346,5871477,6797656,7516090,8247948,8553042,8843923,8469474,8941175,9268780,9654753,9890880,9995454,10108181,10142444,10319884,11032474,11265333
46520,"Urban Honolulu, HI (Metropolitan Statistical Area)",32609332,34349139,36726379,40096225,43215172,45485426,47560735,49295861,49234135,51165042,52873914,54967212,56661239,58167280,62589696,64343496,67077387,69386714,70808812
46540,"Utica-Rome, NY (Metropolitan Statistical Area)",7805832,8142150,8395888,8765078,9043895,9917025,10426157,10542440,10819412,11196670,11298116,11606861,11766125,11864847,12033243,12398229,12814244,13462403,14383948
46660,"Valdosta, GA (Metropolitan Statistical Area)",3053495,3255114,3451722,3583406,3824782,4087575,4251802,4409874,4443127,4524026,4548405,4691076,4793671,4908839,5098500,5252886,5468860,5777327,6038209
46700,"Vallejo, CA (Metropolitan Statistical Area)",10532868,11048863,12478261,13111083,14261517,15029994,16036976,17581225,16675309,17074942,17224333,19183562,20674886,21510075,22330105,23073540,23586558,24729783,26035209
47020,"Victoria, TX (Metropolitan Statistical Area)",2997092,2914872,3168408,3506219,4060625,4558513,4511053,4765999,4084451,4277072,4515556,4891307,5139001,5291268,4842112,4473642,4568698,4922050,4970019
47220,"Vineland-Bridgeton, NJ (Metropolitan Statistical Area)",4111039,4288163,4612286,4944567,5194342,5461089,5520988,5710740,5784791,5753927,5704069,5880083,6032327,6143293,6409113,6609865,6534619,6644797,6927309
47260,"Virginia Beach-Norfolk-Newport News, VA-NC (Metropolitan Statistical Area) *",56569114,59157241,63402552,68108107,73107849,75946059,78886872,80056261,81416024,82332285,83209785,84115453,86134625,87374450,92294286,93512384,95449424,98891139,103080568
47300,"Visalia, CA (Metropolitan Statistical Area)",8670651,8241115,8989033,10425321,11472342,11619490,13550392,13031651,11978138,13233206,14360690,13982245,14793086,16709258,16702846,17602085,18921389,19200484,20705405
47380,"Waco, TX (Metropolitan Statistical Area)",6346687,6581337,6947794,7329397,7599123,8130055,8379073,8480648,8702752,8899597,9182375,9849827,10947510,11638371,11669068,12076121,12665501,13335951,13601023
47460,"Walla Walla, WA (Metropolitan Statistical Area)",1858639,1744534,1871223,1888692,1966781,2293265,2322298,2433155,2517529,2531265,2745676,2766343,2806124,2916097,3173421,3398228,3600789,3760947,3946182
47580,"Warner Robins, GA (Metropolitan Statistical Area)",4038412,4324883,4588323,4846495,5151402,5581766,5820112,5929395,6085515,6229166,6391265,6510296,6549028,6717557,6963697,7168204,7461697,7855114,8321244
47900,"Washington-Arlington-Alexandria, DC-VA-MD-WV (Metropolitan Statistical Area) *",262976629,279598495,297082385,324346876,350599876,362482752,377249221,391980117,400016027,419797485,434021013,444839905,450559167,464300452,483744656,502934634,519058665,539007851,559061958
47940,"Waterloo-Cedar Falls, IA (Metropolitan Statistical Area)",5136466,5479410,5530067,6359571,6740951,6834972,7265871,7204434,7586018,8069647,8122634,10035380,9097044,10342900,10021272,9230139,9252928,9783572,9916973
48060,"Watertown-Fort Drum, NY (Metropolitan Statistical Area)",3319998,3442365,3701499,4032521,4580879,5226996,5483236,5852674,6125678,6519672,6779026,6664815,6629381,6604893,6484629,6334915,6371356,6556942,6738046
48140,"Wausau-Weston, WI (Metropolitan Statistical Area)",5342326,5543358,5868412,6301337,6679448,7007920,7180827,7145288,7130318,7306343,7694696,7997453,8270492,8809244,9161107,9509357,9713056,10308549,10665019
48260,"Weirton-Steubenville, WV-OH (Metropolitan Statistical Area)",3852790,4025537,4039693,4081544,4350823,4450612,4743209,5163976,4685955,4797071,4881434,4939398,5565166,6413446,6666116,5132823,5886793,6701445,7065407
48300,"Wenatchee, WA (Metropolitan Statistical Area)",3045796,3398684,3485671,3638595,3525215,4155301,4309754,4264356,4400367,4657122,5252420,5311567,5346389,5514686,5964521,6151524,6561181,6797894,6989188
48540,"Wheeling, WV-OH (Metropolitan Statistical Area)",4190709,4308928,4463838,4647151,4990434,5281022,5552066,5883036,5946732,6129452,6369342,6446153,7180473,8397012,8665041,9365988,11548497,12686215,11939964
48620,"Wichita, KS (Metropolitan Statistical Area)",20211415,20349853,20472821,20943475,21694875,24634051,27012077,27408429,25177898,26533875,27757548,28346271,27261901,29465528,31741932,34715064,35924218,37404441,38390305
48660,"Wichita Falls, TX (Metropolitan Statistical Area)",4152988,4269725,4384514,4497528,4662349,5159272,5326524,5624530,5369463,5539034,5650253,5914121,6028129,6059423,5817718,5935127,6119771,6414012,6711314
48700,"Williamsport, PA (Metropolitan Statistical Area)",3236184,3239696,3382385,3573880,3738833,3917500,4035545,4111728,4229027,4595315,5224585,5769384,6177982,6809367,6088967,5937459,6243882,6397229,6423825
48900,"Wilmington, NC (Metropolitan Statistical Area)",6638046,6942322,7284280,7734579,8589361,9392042,10145878,10506400,10384915,10648640,10908123,10514853,11377655,12139310,12608456,13292055,13567583,14480370,15348154
49020,"Winchester, VA-WV (Metropolitan Statistical Area) *",3710665,3859620,3976469,4181444,4602202,4924074,4983585,4908413,5247173,5423378,5487816,5655567,5872838,6035953,6338783,6479224,6640281,6910795,7229299
49180,"Winston-Salem, NC (Metropolitan Statistical Area)",21097425,21576321,22421393,23638595,24612222,26066849,26142363,27699667,28271314,28351131,27312830,28299074,29372586,30777663,31802656,32791070,33725613,34647785,36245398
49340,"Worcester, MA-CT (Metropolitan Statistical Area)",27900229,29207303,30683404,31717543,32750594,35212188,36310088,36945298,36945063,38571947,40496812,41607156,42760852,43758404,45775931,46914623,48212727,50019201,52159312
49420,"Yakima, WA (Metropolitan Statistical Area)",5071283,5379815,5743426,6226303,6460185,6876021,7755952,7710407,7642451,8110992,8492796,8748434,8930330,9621988,9627379,10060161,10635802,11361296,11966915
49620,"York-Hanover, PA (Metropolitan Statistical Area)",11770430,12134034,12857205,13985773,15158970,15492474,16647460,17570775,17264691,17550873,17717275,17655197,18169121,18629225,19414400,19900486,20502638,21136947,21925823
49660,"Youngstown-Warren-Boardman, OH-PA (Metropolitan Statistical Area)",15950663,16700496,17092724,18164542,19080583,19953290,20070185,19859871,17778618,18753660,19945949,19931198,20186434,20497286,20584479,20598493,20647743,21568027,22276185
49700,"Yuba City, CA (Metropolitan Statistical Area)",3445136,4025475,4283673,4532340,4615289,5216179,5449006,5890043,6032772,5907732,5983514,5856189,6245276,6173978,6490351,6733628,7084386,7460300,8087753
49740,"Yuma, AZ (Metropolitan Statistical Area)",3525104,4085969,4135202,4759743,5125226,5613571,6323630,5950297,5691835,6119497,6337456,6016301,6466574,6429011,6911147,7278959,7755093,8036376,8556158
