_id,CBSA,MSA,2024_Pop_ROC,2024_Unem_ROC,2024_Emp_ROC,2024_GDP_ROC,Pop_Score,Unem_Score,Emp_Score,GDP_Score,Total_Score
603d5f09a6d90823aa53e351,11540,"Appleton, WI",2.4254750518964254,2.4291474536447053,4.117285961263812,18.197460032113735,236,273.5,259,313,1081.5
603d5f09a6d90823aa53e352,12020,"Athens-Clarke County, GA",5.618245614035088,2.6321942703010697,7.509379997539672,17.734065627116884,323,208,337,303,1171
603d5f09a6d90823aa53e353,14010,"Bloomington, IL",-0.04605957426960593,2.7295199105935564,0.0026912587914453855,18.314714020198796,52,176,98,316,642
603d5f09a6d90823aa53e354,15540,"Burlington-South Burlington, VT",1.941826859820971,2.399999999988619,4.1038715995127655,11.681977110743818,218,281,258,152,909
603d5f09a6d90823aa53e355,20100,"Dover, DE",5.322867921188588,2.5937527321240634,6.537502477907499,0.10739136704347826,313,228,323,48,912
603d5f09a6d90823aa53e356,20740,"Eau Claire, WI",2.337215895666966,2.6291841496307686,3.3458236998060005,15.903086862068061,235,210.5,242,268,955.5
603d5f09a6d90823aa53e357,24260,"Grand Island, NE",0.3269228223895808,2.380151946486333,2.0223071282466907,6.299180070674377,167,293,217,88,765
603d5f09a6d90823aa53e358,24420,"Grants Pass, OR",3.2919176563375134,5.40313985551625,1.868429397272971,20.036399998220052,264,13,215,351,843
603d5f09a6d90823aa53e359,26420,"Houston-The Woodlands-Sugar Land, TX",4.479078467299194,2.5674477218546676,9.879270702610292,9.283261706620257,295,232.5,370,117,1014.5
603d5f09a6d90823aa53e35a,26900,"Indianapolis-Carmel-Anderson, IN",4.9024432921659145,2.616697931937238,6.078899868095249,13.93576056908969,309,219,309,213,1050
603d5f09a6d90823aa53e35b,27060,"Ithaca, NY",-0.09395184967704051,2.3674245410888264,-0.01729305971869956,10.177449554417302,46,300.5,55,127,528.5
603d5f09a6d90823aa53e35c,27140,"Jackson, MS",-0.010927932804981793,3.055985753162684,2.447695283009111,7.4137502045587835,66,137.5,228,92,523.5
603d5f09a6d90823aa53e35d,28100,"Kankakee, IL",-0.1638419107607726,4.727448120471204,-0.08237232289950577,21.301073795289984,38,46,24,367,475
603d5f09a6d90823aa53e35e,28660,"Killeen-Temple, TX",6.457920109145497,2.06286250850768,3.5285633555722367,10.413488267576655,335,359.5,246,129,1069.5
603d5f09a6d90823aa53e35f,32580,"McAllen-Edinburg-Mission, TX",2.6980328234951485,4.756455319381519,8.18053418749527,14.302832969526133,244,44,349,221,858
603d5f09a6d90823aa53e360,33460,"Minneapolis-St. Paul-Bloomington, MN-WI",4.3593441066492895,2.464124451788653,-0.0022997027147016098,16.67258271614959,292,269,86,283,930
603d5f09a6d90823aa53e361,40980,"Saginaw, MI",-1.6484814132539796,2.6616916325163773,-0.4311896957665851,10.533551861881215,9,201,9,133,352
603d5f09a6d90823aa53e362,41140,"St. Joseph, MO-KS",0.09503046564928168,2.651206909962985,0.20325482386870838,13.981008240236548,149,205,155,214,723
603d5f09a6d90823aa53e363,42140,"Santa Fe, NM",1.4651697947565145,3.055985753162684,0.3829946235443091,9.214120038347849,206,137.5,175,116,634.5
603d5f09a6d90823aa53e364,43900,"Spartanburg, SC",6.489047328673952,3.5741914573932503,6.829387534326371,19.586574930255495,336,94,331,342,1103
603d5f09a6d90823aa53e365,45060,"Syracuse, NY",-1.2379103690604123,1.8200661488295315,1.4117809451749452,13.394974661093537,15,380.5,204,194,793.5
603d5f09a6d90823aa53e366,48700,"Williamsport, PA",0.20300267433957936,3.6091324380336394,0.010223156910854072,0.8561098722334435,162,92,109,70,433
603d5f09a6d90823aa53e367,10900,"Allentown-Bethlehem-Easton, PA-NJ",0.002251046144076431,2.2826454362792052,5.534214812607412,13.447779942340388,102,318.5,297,195,912.5
603d5f09a6d90823aa53e368,12940,"Baton Rouge, LA",0.3377066362219904,1.7482485952667526,4.066011988078399,-0.006279211306888534,169,383,256,33,841
603d5f09a6d90823aa53e369,14860,"Bridgeport-Stamford-Norwalk, CT",0.017703205234212347,1.8482225450204672,3.2798661119992323,-0.03958510042313161,123,378.5,240,29,770.5
603d5f09a6d90823aa53e36a,16980,"Chicago-Naperville-Elgin, IL-IN-WI",-0.003436048632880829,3.3723140622535985,-0.013480618474045466,14.552808651894539,74,117.5,68,229,488.5
603d5f09a6d90823aa53e36b,21140,"Elkhart-Goshen, IN",2.325277089865805,1.8872159851678005,0.13069074993064758,23.25999329593317,234,376.5,142,374,1126.5
603d5f09a6d90823aa53e36c,21300,"Elmira, NY",0.011982361963190184,3.473502767837306,0.10084804033921614,7.781203749383325,115,104,139,98,456
603d5f09a6d90823aa53e36d,21340,"El Paso, TX",0.010188076633290844,2.9559421182029677,8.134589373449037,14.643202311372427,113,144,347,230,834
603d5f09a6d90823aa53e36e,21420,"Enid, OK",-0.19981656184486374,1.8872159851678005,-0.4596104000213772,-0.7884383544046641,35,376.5,8,8,427.5
603d5f09a6d90823aa53e36f,21500,"Erie, PA",-0.020390912326491872,2.6936829181196225,-0.015721589515586384,-0.17386544785182595,58,192.5,62,17,329.5
603d5f09a6d90823aa53e370,24660,"Greensboro-High Point, NC",2.988141493630247,3.5397849329538538,-0.01994296722568654,10.617485085871433,253,97.5,53,135,538.5
603d5f09a6d90823aa53e371,25860,"Hickory-Lenoir-Morganton, NC",0.8547216609730303,2.2132183377296837,-0.07132173034442453,12.067575602341654,188,330.5,28,162,708.5
603d5f09a6d90823aa53e372,27980,"Kahului-Wailuku-Lahaina, HI",1.2226954251957687,2.368448946018618,6.825875546254694,13.85096114144482,199,297.5,330,207,1033.5
603d5f09a6d90823aa53e373,30780,"Little Rock-North Little Rock-Conway, AR",0.8363596198193926,2.4674348113828106,3.2007668147235275,11.838163952795721,186,264.5,238,158,846.5
603d5f09a6d90823aa53e374,34100,"Morristown, TN",2.237493782793575,3.9741886764841414,0.16110304789550073,14.897138848119642,228,72,148,241,689
603d5f09a6d90823aa53e375,35100,"New Bern, NC",0.15850793344276012,4.0776559537372785,0.1462095182396374,8.809619288959938,157,69.5,145,112,483.5
603d5f09a6d90823aa53e376,37900,"Peoria, IL",-2.007684222877414,3.4779470545410978,0.15567777822384593,0.28483878999028667,6,102,147,57,312
603d5f09a6d90823aa53e377,40340,"Rochester, MN",3.721144010706513,2.077860765938109,3.7356358899622117,15.134198958132094,275,355.5,251,249,1130.5
603d5f09a6d90823aa53e378,40660,"Rome, GA",0.025381226014741416,4.344385050807628,0.26027626466377884,11.296009742112185,126,61.5,166,146,499.5
603d5f09a6d90823aa53e379,40900,"Sacramento-Roseville-Folsom, CA",4.945277167866042,3.5741914573932503,6.253691326498094,19.775136626448216,310,94,311,347,1062
603d5f09a6d90823aa53e37a,41100,"St. George, UT",12.547027416702337,2.6291841496307686,13.628595568186183,26.869850711177236,381,210.5,382,382,1355.5
603d5f09a6d90823aa53e37b,41500,"Salinas, CA",0.2637878086259765,5.605070576961089,0.08633104517864032,16.692389181904513,164,11,134,285,594
603d5f09a6d90823aa53e37c,42020,"San Luis Obispo-Paso Robles, CA",0.5252356849433615,2.06286250850768,0.062193236065353326,18.45865825599956,175,359.5,131,320,985.5
603d5f09a6d90823aa53e37d,42660,"Seattle-Tacoma-Bellevue, WA",6.981879947585898,2.06286250850768,7.629274311601741,24.156301145489454,343,359.5,341,378,1421.5
603d5f09a6d90823aa53e37e,43580,"Sioux City, IA-NE-SD",-0.017968085915093884,2.368448946018618,-0.06008183560366707,8.251702938421383,60,297.5,32,103,492.5
603d5f09a6d90823aa53e37f,11180,"Ames, IA",0.5399226597271202,2.0167081473922117,2.146991260603416,7.23235430956232,176,368,221,91,856
603d5f09a6d90823aa53e380,10500,"Albany, GA",-0.00204462740073334,4.9704392068951275,0.002401363974737651,12.47747309483438,78,37,97,170,382
603d5f09a6d90823aa53e381,12620,"Bangor, ME",-0.1616846754475905,1.9940741798633883,0.11904889584830382,10.884420523860783,39,369,141,139,688
603d5f09a6d90823aa53e382,13780,"Binghamton, NY",-1.8877963559581217,3.3723140622535985,-0.013320482985041881,8.66336711882713,7,117.5,69,109,302.5
603d5f09a6d90823aa53e383,20020,"Dothan, AL",0.057579774769346136,3.8601958798912572,0.38208265762445326,16.277561646628772,138,78.5,174,274,664.5
603d5f09a6d90823aa53e384,21780,"Evansville, IN-KY",0.026976761899925737,2.3907516185187947,0,13.047256635303725,127,288.5,93.5,186,695
603d5f09a6d90823aa53e385,26300,"Hot Springs, AR",1.5937858450888454,2.6936829181196225,0.8785662976811006,13.35154308194758,212,192.5,190,191,785.5
603d5f09a6d90823aa53e386,27620,"Jefferson City, MO",0.1282771845141667,2.3907516185187947,0.20539650244634985,11.053464288396638,151,288.5,156,141,736.5
603d5f09a6d90823aa53e387,30980,"Longview, TX",0.014302807885382181,2.0625730799727795,2.176424168258289,-0.7303449362334642,120,365,222,9,716
603d5f09a6d90823aa53e388,31080,"Los Angeles-Long Beach-Anaheim, CA",0.13928323843593837,3.177950359770203,5.619300061289693,18.21169707200844,153,131,300,314,898
603d5f09a6d90823aa53e389,31860,"Mankato, MN",2.795137696586773,2.1447141370183096,4.136079763339541,8.44592169720678,250,342,260,107,959
603d5f09a6d90823aa53e38a,37100,"Oxnard-Thousand Oaks-Ventura, CA",0.17730370706590734,2.7935073860616866,3.9176938007000546,-0.09268910041043465,160,166,255,24,605
603d5f09a6d90823aa53e38b,39660,"Rapid City, SD",5.330490405117271,2.077860765938109,4.855928799441895,14.810081905431275,314,355.5,281,238,1188.5
603d5f09a6d90823aa53e38c,39820,"Redding, CA",0.842958685028876,4.936221553801303,0.2451607401722521,17.86874585922563,187,40,163,309,699
603d5f09a6d90823aa53e38d,41940,"San Jose-Sunnyvale-Santa Clara, CA",0.6834919072066551,2.4243444407414145,-0.25473144545004567,27.00525607824481,182,275,13,383,853
603d5f09a6d90823aa53e38e,43340,"Shreveport-Bossier City, LA",-0.036989556784036724,4.682347449831142,0.37389033942558747,-0.18509196518522983,53,48.5,173,16,290.5
603d5f09a6d90823aa53e38f,44100,"Springfield, IL",0.049790204381537986,2.9177072623611116,0.022531972091433188,11.590181264806091,135,148.5,119,149,551.5
603d5f09a6d90823aa53e390,49340,"Worcester, MA-CT",1.5819017019138615,2.161534646578859,4.4214307338282355,14.415935931056758,211,340.5,265,225,1041.5
603d5f09a6d90823aa53e391,12060,"Atlanta-Sandy Springs-Alpharetta, GA",6.620347208241893,2.5617611275796235,0.02205463715721008,20.28646304839902,338,236,117,355,1046
603d5f09a6d90823aa53e392,14020,"Bloomington, IN",2.7430124682384918,2.2936050390126823,4.085083659665361,16.372756976229088,246,313.5,257,278,1094.5
603d5f09a6d90823aa53e393,15940,"Canton-Massillon, OH",0.0007546790098611391,2.8439200994919065,-0.014364010970513378,6.705074700692726,96,154.5,64,90,404.5
603d5f09a6d90823aa53e394,17980,"Columbus, GA-AL",0.07724701602252622,5.169113453523758,-0.029547969785857803,11.335877998937004,144,23,48,147,362
603d5f09a6d90823aa53e395,22420,"Flint, MI",-0.5879555361706008,3.839767724422232,-0.013662422557710597,11.935772214330951,25,81.5,66,160,332.5
603d5f09a6d90823aa53e396,24780,"Greenville, NC",2.0880592225382038,3.6601599290186453,4.482579503260932,12.390221091579095,223,89.5,267,168,747.5
603d5f09a6d90823aa53e397,27100,"Jackson, MI",-0.0012617500473156267,2.5937527321240634,-0.013184958599229997,15.29235822983835,81,228,70,253,632
603d5f09a6d90823aa53e398,27340,"Jacksonville, NC",0.10508340995665308,3.5397849329538538,1.0429303287630585,5.912484378261882,150,97.5,193,84,524.5
603d5f09a6d90823aa53e399,30020,"Lawton, OK",-2.3818375983862676,2.2640319851049666,0.3216083300884062,-0.05558599121140913,5,321.5,172,27,525.5
603d5f09a6d90823aa53e39a,30460,"Lexington-Fayette, KY",2.4388074019061765,1.9873501126774376,5.365956106269032,15.885117983333064,237,372.5,294,267,1170.5
603d5f09a6d90823aa53e39b,34980,"Nashville-Davidson--Murfreesboro--Franklin, TN",8.270516156348727,2.516827770696483,0.061561078697110305,22.15007536550761,359,252,129,371,1111
603d5f09a6d90823aa53e39c,37340,"Palm Bay-Melbourne-Titusville, FL",5.918676550232414,3.6741621931596007,1.2309290439348943,-0.02476979517038476,326,87,198,31,642
603d5f09a6d90823aa53e39d,38060,"Phoenix-Mesa-Chandler, AZ",8.676058763150985,2.9177072623611116,8.990917414887791,19.746805101113292,363,148.5,357,345,1213.5
603d5f09a6d90823aa53e39e,39380,"Pueblo, CO",3.0120410392818124,3.374147697532971,-0.006074743645818147,15.812333987902067,256,111.5,81,265,713.5
603d5f09a6d90823aa53e39f,40580,"Rocky Mount, NC",-0.8156685188996364,4.665167451016189,-0.0426922820358882,-0.6298509531773901,18,50,41,10,119
603d5f09a6d90823aa53e3a0,41860,"San Francisco-Oakland-Berkeley, CA",1.3196026969001033,2.5243718447650707,-0.04036880712329869,25.575897655002862,202,248.5,43,381,874.5
603d5f09a6d90823aa53e3a1,42200,"Santa Maria-Santa Barbara, CA",0.6344919025574525,2.737818686574316,4.549247744607491,17.299862661400926,179,172,269,296,916
603d5f09a6d90823aa53e3a2,45940,"Trenton-Princeton, NJ",-0.005987535040688022,2.0625730799727795,4.762892530462304,15.853971273323673,71,365,274,266,976
603d5f09a6d90823aa53e3a3,47580,"Warner Robins, GA",4.6227529407957535,3.87421069496159,7.681677855637771,13.930188803501014,301,77,344,211,933
603d5f09a6d90823aa53e3a4,48620,"Wichita, KS",0.5762099784760816,2.344256309625187,-0.07277786960672813,16.954116410380173,177,307,27,290,801
603d5f09a6d90823aa53e3a5,12980,"Battle Creek, MI",-0.007453842082901631,2.0862771153999753,0.03596967037394069,10.517052327846425,69,352,122,131,674
603d5f09a6d90823aa53e3a6,13380,"Bellingham, WA",6.913939986128499,3.177950359770203,7.524998286484552,20.731884314184303,342,131,338,360,1171
603d5f09a6d90823aa53e3a7,13820,"Birmingham-Hoover, AL",1.066271717250455,2.1132522985316653,3.8443598942764363,13.600700206223463,194,344,253,197,988
603d5f09a6d90823aa53e3a8,14260,"Boise City, ID",10.061905867843384,1.9873501126774376,9.2299801051188,21.279143289994078,372,372.5,360,365,1469.5
603d5f09a6d90823aa53e3a9,18020,"Columbus, IN",2.257128874777689,2.368448946018618,0.26679524268723886,7.771282099320012,230,297.5,167,96,790.5
603d5f09a6d90823aa53e3aa,20220,"Dubuque, IA",0.3288425768926432,2.699999999996509,2.656636188057968,10.180245373233088,168,185.5,229,128,710.5
603d5f09a6d90823aa53e3ab,25500,"Harrisonburg, VA",2.03461663851101,2.5674477218546676,5.294250536541285,0.683229759514533,221,232.5,293,66,812.5
603d5f09a6d90823aa53e3ac,25940,"Hilton Head Island-Bluffton, SC",8.219806926348477,2.5937527321240634,7.648034487239262,17.36178097566907,357,228,343,298,1226
603d5f09a6d90823aa53e3ad,26580,"Huntington-Ashland, WV-KY-OH",-0.0005619982409455059,3.9601769646118825,0.01666704981723718,4.515807622268195,84,74.5,112,80,350.5
603d5f09a6d90823aa53e3ae,26620,"Huntsville, AL",6.149326867645563,2.6936829181196225,7.82970930382522,14.957696647376546,329,192.5,345,242,1108.5
603d5f09a6d90823aa53e3af,29620,"Lansing-East Lansing, MI",1.4983893268603592,2.4674348113828106,-0.0029699245639160762,13.665087313351693,207,264.5,85,200,756.5
603d5f09a6d90823aa53e3b0,29820,"Las Vegas-Henderson-Paradise, NV",8.365983372413382,4.727448120471204,2.782286592759459,18.3228548748461,361,46,234,317,958
603d5f09a6d90823aa53e3b1,31340,"Lynchburg, VA",1.5104376133492181,2.2251601268069474,3.0314469888528794,8.27434941011334,208,326,236,104,874
603d5f09a6d90823aa53e3b2,33340,"Milwaukee-Waukesha, WI",0.01390318179711639,2.2251601268069474,-0.0010270410573667789,12.77027518256485,118,326,89,179,712
603d5f09a6d90823aa53e3b3,36140,"Ocean City, NJ",-0.6823194515368485,6.339166794901777,0.683324349177157,11.402107266771571,21,8,183,148,360
603d5f09a6d90823aa53e3b4,39460,"Punta Gorda, FL",9.435180773913505,3.6741621931596007,7.606139864204381,19.10251215274608,368,87,339,333,1127
603d5f09a6d90823aa53e3b5,41060,"St. Cloud, MN",3.6258937236339146,2.522863883619029,0.02140258257829778,14.544187691822067,271,251,116,228,866
603d5f09a6d90823aa53e3b6,43780,"South Bend-Mishawaka, IN-MI",-0.007107254652934214,2.817713657169429,-0.00716818209388113,15.293234210316836,70,160.5,79,254,563.5
603d5f09a6d90823aa53e3b7,45300,"Tampa-St. Petersburg-Clearwater, FL",7.390656970587803,2.9177072623611116,6.671671003051373,17.68823695605046,348,148.5,326,301,1123.5
603d5f09a6d90823aa53e3b8,45540,"The Villages, FL",12.951215828424708,5.0497092425301116,19.265319893720214,24.811833433710124,382,32,383,379,1176
603d5f09a6d90823aa53e3b9,46700,"Vallejo, CA",3.1983075799241805,3.53959532278702,4.845715057862885,19.019152102831207,262,100,279,331,972
603d5f09a6d90823aa53e3ba,47220,"Vineland-Bridgeton, NJ",0.015381837393915479,4.5543730678908245,0.24861300115147075,9.14008599876229,121,55,164,115,455
603d5f09a6d90823aa53e3bb,48260,"Weirton-Steubenville, WV-OH",-1.670486069231697,5.453134942261831,-2.094345267777002,-0.509142643870339,8,12,1,12,33
603d5f09a6d90823aa53e3bc,49660,"Youngstown-Warren-Boardman, OH-PA",-2.4727606462456233,3.9686277610011347,-0.8516038068382094,0.1785898258611158,3,73,3,53,132
603d5f09a6d90823aa53e3bd,11260,"Anchorage, AK",-0.0015139395988564709,2.53182221332375,0.8752056365855551,9.667351354622967,80,242,189,120,631
603d5f09a6d90823aa53e3be,12700,"Barnstable Town, MA",0.0004695056105920466,2.726341033014647,0.22558710490121728,16.965368958978573,93,180,160,291,724
603d5f09a6d90823aa53e3bf,17660,"Coeur d'Alene, ID",9.058100025950983,2.717637512062337,9.085310824441258,19.011857253107273,365,182.5,358,330,1235.5
603d5f09a6d90823aa53e3c0,19340,"Davenport-Moline-Rock Island, IA-IL",-0.003955988311373203,1.8482225450204672,-0.016393371900897753,3.5902723884424086,73,378.5,60,74,585.5
603d5f09a6d90823aa53e3c1,22220,"Fayetteville-Springdale-Rogers, AR",9.523017214303875,2.5573779357975344,9.79816111150052,20.879048140690003,369,238.5,369,362,1338.5
603d5f09a6d90823aa53e3c2,22540,"Fond du Lac, WI",0.9303405123642448,2.6291841496307686,-0.05947883678685678,8.09584007299274,190,210.5,33,100,533.5
603d5f09a6d90823aa53e3c3,23580,"Gainesville, GA",6.729080761686745,2.2251601268069474,9.363960513717853,22.923800240368603,340,326,364,373,1403
603d5f09a6d90823aa53e3c4,24140,"Goldsboro, NC",-0.0024364294937911654,3.6601599290186453,-0.08499716676110797,7.592417307291675,76,89.5,23,94,282.5
603d5f09a6d90823aa53e3c5,24340,"Grand Rapids-Kentwood, MI",2.6701133315388397,2.480107249810064,-0.01280920752803868,17.806799874917143,242,259,71,305,877
603d5f09a6d90823aa53e3c6,26140,"Homosassa Springs, FL",3.172587984524613,5.3283850498744325,1.0701013677841118,-0.1433470949199852,260,15,194,20,489
603d5f09a6d90823aa53e3c7,27260,"Jacksonville, FL",7.85962806361469,2.5937527321240634,8.161578910715418,18.29206478791632,352,228,348,315,1243
603d5f09a6d90823aa53e3c8,27500,"Janesville-Beloit, WI",1.2898367961604857,2.9559421182029677,1.1483766492946663,16.38125067317071,200,144,196,279,819
603d5f09a6d90823aa53e3c9,27860,"Jonesboro, AR",4.704168534289557,2.616697931937238,6.655469768374611,14.857417744990094,305,219,325,239,1088
603d5f09a6d90823aa53e3ca,28020,"Kalamazoo-Portage, MI",1.1619747534576295,2.7295199105935564,-0.01691485562857483,16.489170792976278,195,176,58,282,711
603d5f09a6d90823aa53e3cb,29340,"Lake Charles, LA",2.8786791439529678,2.5937527321240634,6.936916197531898,-1.1686732242219804,251,228,333,2,814
603d5f09a6d90823aa53e3cc,33660,"Mobile, AL",-0.000465618714147359,4.946350062871868,-0.025177869464929666,10.624572553956598,87,38.5,50,136,311.5
603d5f09a6d90823aa53e3cd,33740,"Monroe, LA",-0.001997393401610898,4.344385050807628,-0.0034455135107198543,8.968555882482246,79,61.5,83,113,336.5
603d5f09a6d90823aa53e3ce,36980,"Owensboro, KY",2.1366376423308773,2.3250779461316453,-0.007343114361663068,7.519490349731919,226,309,78,93,706
603d5f09a6d90823aa53e3cf,38300,"Pittsburgh, PA",-0.00043148084225060404,3.055985753162684,-0.023240781761796513,15.418153800225209,88,137.5,51,257,533.5
603d5f09a6d90823aa53e3d0,39300,"Providence-Warwick, RI-MA",0.7524415571305286,2.9779254136356976,0.1394073220951284,12.695625921479536,183,142,143,176,644
603d5f09a6d90823aa53e3d1,39900,"Reno, NV",6.185744740792445,3.277967603167619,1.3101785091199911,17.323883171960386,330,125.5,200,297,952.5
603d5f09a6d90823aa53e3d2,41740,"San Diego-Chula Vista-Carlsbad, CA",1.1874200573340563,2.9177072623611116,0.03434154732941165,18.469467369563652,197,148.5,121,321,787.5
603d5f09a6d90823aa53e3d3,42540,"Scranton--Wilkes-Barre, PA",-0.987389078960434,3.277967603167619,-0.011283790377671514,13.376600738673178,17,125.5,72,192,406.5
603d5f09a6d90823aa53e3d4,42700,"Sebring-Avon Park, FL",4.235508985982056,5.09252375854232,0.31987592691319733,11.673694084423193,291,29.5,170,151,641.5
603d5f09a6d90823aa53e3d5,46060,"Tucson, AZ",3.4914287405743836,2.6936829181196225,4.781194217848053,15.418022731462383,270,192.5,275,256,993.5
603d5f09a6d90823aa53e3d6,46220,"Tuscaloosa, AL",0.984340222260134,3.4376523598240394,6.718969474802152,0.1287492307231366,191,106,328,50,675
603d5f09a6d90823aa53e3d7,46300,"Twin Falls, ID",5.925060652349717,2.4486783349937653,6.257784714197818,19.694933106422063,327,271.5,312,343,1253.5
603d5f09a6d90823aa53e3d8,47300,"Visalia, CA",1.8578062827786654,9.13684235021797,0.06188437935124542,0.6239288726784141,216,3,130,65,414
603d5f09a6d90823aa53e3d9,11020,"Altoona, PA",-0.0008208226284382208,2.2936050390126823,0.06866680752165645,12.243938204551728,82,313.5,133,165,693.5
603d5f09a6d90823aa53e3da,12260,"Augusta-Richmond County, GA-SC",3.800781634864856,3.3324139321031487,5.388147705350107,15.31608897493827,277,121.5,295,255,948.5
603d5f09a6d90823aa53e3db,12580,"Baltimore-Columbia-Towson, MD",0.1558184791502161,2.8439200994919065,5.042548788059556,15.44031004463194,156,154.5,288,258,856.5
603d5f09a6d90823aa53e3dc,13220,"Beckley, WV",-2.701115170990006,5.242061677764132,0,0.14456721612693185,2,19,93.5,52,166.5
603d5f09a6d90823aa53e3dd,17300,"Clarksville, TN-KY",0.13059580274186214,3.3723140622535985,4.657871504420378,0.48914652168729017,152,117.5,273,61,603.5
603d5f09a6d90823aa53e3de,18580,"Corpus Christi, TX",0.3608189751622287,2.0862771153999753,4.261953447559954,0.07809294221781252,171,352,264,44,831
603d5f09a6d90823aa53e3df,19140,"Dalton, GA",0,4.152440535835296,0.428491585418866,8.486237058258338,90.5,64,178,108,440.5
603d5f09a6d90823aa53e3e0,19180,"Danville, IL",-1.2407930515589112,5.070451031480609,-0.05346239342693942,1.6517726279114564,14,31,35,72,152
603d5f09a6d90823aa53e3e1,19780,"Des Moines-West Des Moines, IA",6.697774320312545,2.368448946018618,6.574345180081837,19.341048427628824,339,297.5,324,337,1297.5
603d5f09a6d90823aa53e3e2,20940,"El Centro, CA",-0.00441464558673399,18.16463136880363,3.669713604109105,12.861769230439608,72,1,249,182,504
603d5f09a6d90823aa53e3e3,22140,"Farmington, NM",0.009680698301037448,4.252427538405093,-0.5550157281905169,0.09561216972184541,112,63,6,47,228
603d5f09a6d90823aa53e3e4,25220,"Hammond, LA",5.563306074592974,5.233488513507789,2.6708300491117445,0.5695042476434307,321,20.5,231,63,635.5
603d5f09a6d90823aa53e3e5,26380,"Houma-Thibodaux, LA",-0.025952180704073048,3.374147697532971,0.09798107418198694,0.0035921700299150717,56,111.5,138,37,342.5
603d5f09a6d90823aa53e3e6,28740,"Kingston, NY",-0.5851114752805888,2.7295199105935564,0.19669934181374085,13.225900101077817,26,176,153,190,545
603d5f09a6d90823aa53e3e7,29700,"Laredo, TX",1.3338056475283027,2.06286250850768,7.5032184574321095,-0.22319787533310265,205,359.5,336,14,914.5
603d5f09a6d90823aa53e3e8,30860,"Logan, UT-ID",6.3496641226743575,2.4000000005244364,9.10868576625739,-0.901586617315717,334,278.5,359,7,978.5
603d5f09a6d90823aa53e3e9,31020,"Longview, WA",4.524698669897733,4.460353384893144,1.7497626291007033,17.06203514965475,297,60,211,293,861
603d5f09a6d90823aa53e3ea,31460,"Madera, CA",0.001906856420067757,6.7615262917418635,1.5107435575574097,17.42735045152313,101,6,207,299,613
603d5f09a6d90823aa53e3eb,31700,"Manchester-Nashua, NH",2.1168994664588454,2.364142408218023,0.32085103955736816,15.470594142407984,224,303,171,259,957
603d5f09a6d90823aa53e3ec,37620,"Parkersburg-Vienna, WV",-0.002238663965345482,4.139772426569411,-0.0338839474798814,0.08915839762828509,77,66,45,46,234
603d5f09a6d90823aa53e3ed,48060,"Watertown-Fort Drum, NY",-0.11380811042118107,4.586938352895357,-0.33141617251475025,0.06397997282891807,43,51.5,12,43,149.5
603d5f09a6d90823aa53e3ee,48540,"Wheeling, WV-OH",0.004318162190171863,4.586938352895357,0.004926593753079121,-0.9417448829828968,105,51.5,102,6,264.5
603d5f09a6d90823aa53e3ef,13020,"Bay City, MI",-0.767992552799488,2.6616916325163773,-0.096964586846543,5.006804560049083,20,201,19,82,322
603d5f09a6d90823aa53e3f0,13140,"Beaumont-Port Arthur, TX",-0.22595099385321593,4.547021087740138,0.008821371862609454,-0.5999058366355632,34,56.5,108,11,209.5
603d5f09a6d90823aa53e3f1,13740,"Billings, MT",2.48146333676452,2.5000000000400844,3.1589756964253692,3.840565233673764,239,253.5,237,76,805.5
603d5f09a6d90823aa53e3f2,16580,"Champaign-Urbana, IL",0.24067282211004587,2.717637512062337,1.7031966795310567,5.986844372153196,163,182.5,209,85,639.5
603d5f09a6d90823aa53e3f3,22380,"Flagstaff, AZ",3.4911762245950544,3.326250893316169,3.241202859142487,-0.14265141704295822,269,123.5,239,21,652.5
603d5f09a6d90823aa53e3f4,24300,"Grand Junction, CO",2.7825692237857464,2.2132183377296837,0.20191493519181922,13.110594906198896,248,330.5,154,187,919.5
603d5f09a6d90823aa53e3f5,25980,"Hinesville, GA",0.09383411116872854,3.839767724422232,1.209873681770773,0.02987722937623129,147,81.5,197,39,464.5
603d5f09a6d90823aa53e3f6,27180,"Jackson, TN",0.0011195450169051299,3.5397849329538538,0.05310820338610579,-0.0166498530260769,98,97.5,128,32,355.5
603d5f09a6d90823aa53e3f7,30700,"Lincoln, NE",3.9720668065902833,2.299999999661003,4.851610628976214,17.249348629354227,283,311,280,295,1169
603d5f09a6d90823aa53e3f8,31180,"Lubbock, TX",4.5457507517292095,2.599999999227577,6.69788562508869,15.102890304182306,298,224,327,248,1097
603d5f09a6d90823aa53e3f9,31740,"Manhattan, KS",-0.09057067198833327,2.391165297927129,2.0759615700623337,-0.0036855692594717007,47,284.5,220,34,585.5
603d5f09a6d90823aa53e3fa,33700,"Modesto, CA",3.7129989467184834,5.243399703659375,4.63078751349546,18.944795631816554,274,18,272,327,891
603d5f09a6d90823aa53e3fb,33860,"Montgomery, AL",-0.016073294221650727,2.6616916325163773,0.16564374389733574,11.191096851060923,62,201,149,144,556
603d5f09a6d90823aa53e3fc,34820,"Myrtle Beach-Conway-North Myrtle Beach, SC-NC",13.842998907226992,5.233488513507789,9.419088485794163,19.854414143789867,383,20.5,365,349,1117.5
603d5f09a6d90823aa53e3fd,38220,"Pine Bluff, AR",-2.4531911985786525,4.582389797252757,-0.15803377677139352,0.05158058818090837,4,53.5,16,41,114.5
603d5f09a6d90823aa53e3fe,38540,"Pocatello, ID",2.2536627255495394,2.622877329598506,3.012507201397536,12.648618842701062,229,216.5,235,173,853.5
603d5f09a6d90823aa53e3ff,38860,"Portland-South Portland, ME",2.5875580315691735,2.4486783349937653,4.46600700570172,14.788618078374821,241,271.5,266,236,1014.5
603d5f09a6d90823aa53e400,38940,"Port St. Lucie, FL",7.65567743108991,3.6741621931596007,10.28663307964412,14.695249346919265,350,87,374,232,1043
603d5f09a6d90823aa53e401,40140,"Riverside-San Bernardino-Ontario, CA",4.643262387405064,4.540807668186984,9.44701093171111,21.12518933614321,302,58,366,364,1090
603d5f09a6d90823aa53e402,40220,"Roanoke, VA",0.04310042078781184,2.551206815908553,0.22240173932122592,11.125896046856596,134,240.5,158,143,675.5
603d5f09a6d90823aa53e403,41540,"Salisbury, MD-DE",5.480532850964337,3.4779470545410978,5.586597082925502,16.950273394063196,318,102,298,289,1007
603d5f09a6d90823aa53e404,41620,"Salt Lake City, UT",6.260586551753231,2.464124451788653,0.0054363490710510306,22.026310479785806,331,269,103,369,1072
603d5f09a6d90823aa53e405,43420,"Sierra Vista-Douglas, AZ",-0.612283794730071,5.365062207613362,0.1861268348843903,0.0017431991765969957,24,14,150,36,224
603d5f09a6d90823aa53e406,44420,"Staunton, VA",2.1807992202729043,2.5243718447650707,-0.05041294129857806,0.0003788177386998218,227,248.5,36,35,546.5
603d5f09a6d90823aa53e407,45500,"Texarkana, TX-AR",-0.009411068761301685,2.829510480139775,-0.006237680580852815,7.748987547145958,67,157.5,80,95,399.5
603d5f09a6d90823aa53e408,46140,"Tulsa, OK",1.6894212648178597,2.624381171175938,-0.07602053524926648,5.152375003236413,213,214,25,83,535
603d5f09a6d90823aa53e409,47020,"Victoria, TX",0.17043973451504885,2.5618305904065513,-0.04271532796828814,0.576516910699939,159,234,40,64,497
603d5f09a6d90823aa53e40a,47940,"Waterloo-Cedar Falls, IA",-0.028482928045003027,2.624381171175938,-0.008782869890565441,0.8559265009595166,55,214,75,69,413
603d5f09a6d90823aa53e40b,10780,"Alexandria, LA",-0.025651650585054954,4.055389837522344,0.04426737494466578,8.784080880549157,57,71,124,111,363
603d5f09a6d90823aa53e40c,11700,"Asheville, NC",4.595616841013228,2.529500798655019,7.257910441539675,18.394950414140162,300,244.5,335,319,1198.5
603d5f09a6d90823aa53e40d,12100,"Atlantic City-Hammonton, NJ",-0.00037926195623317027,7.247897632647371,0.18617952608847904,0.35001247375483935,89,5,151,58,303
603d5f09a6d90823aa53e40e,14540,"Bowling Green, KY",6.34847132336532,2.7295199105935564,6.909569460721215,14.754112427237393,333,176,332,234,1075
603d5f09a6d90823aa53e40f,16540,"Chambersburg-Waynesboro, PA",1.3294458384668477,2.717637512062337,0.028063839133193418,14.375859456653112,204,182.5,120,224,730.5
603d5f09a6d90823aa53e410,19740,"Denver-Aurora-Lakewood, CO",5.522878339088964,2.699999999996509,8.339259748719988,21.041540198396063,320,185.5,352,363,1220.5
603d5f09a6d90823aa53e411,22020,"Fargo, ND-MN",4.808954071786955,1.7776042786671173,8.230963582505662,9.86179438093985,306,382,351,123,1162
603d5f09a6d90823aa53e412,23060,"Fort Wayne, IN",3.1425508695431237,2.4674348113828106,-0.055155553567968044,18.94372087237431,259,264.5,34,326,883.5
603d5f09a6d90823aa53e413,23460,"Gadsden, AL",-0.26205655728086985,3.839767724422232,-0.04772795068111763,10.763029999725287,31,81.5,39,137,288.5
603d5f09a6d90823aa53e414,29100,"La Crosse-Onalaska, WI-MN",-0.014639573695613984,2.380151946486333,0.01324462828441311,13.03584180716883,63,293,111,185,652
603d5f09a6d90823aa53e415,29180,"Lafayette, LA",0.36569386783099994,3.4779470545410978,1.4686353430808827,0.35643501701618635,172,102,206,59,539
603d5f09a6d90823aa53e416,29420,"Lake Havasu City-Kingman, AZ",0.024978673868065474,5.161945911444788,1.4232985113250975,14.243579009210098,125,24,205,219,573
603d5f09a6d90823aa53e417,30300,"Lewiston, ID-WA",1.5780282584537226,1.9873501126774376,2.043064045376948,15.559814580871006,210,372.5,218,261,1061.5
603d5f09a6d90823aa53e418,33220,"Midland, MI",-0.10462263697147531,2.2251601268069474,-0.1539613848202397,12.725476526867283,45,326,17,178,566
603d5f09a6d90823aa53e419,34060,"Morgantown, WV",0.06616610569316188,2.2936050390126823,5.059476243749858,9.950163981622055,141,313.5,289,125,868.5
603d5f09a6d90823aa53e41a,35840,"North Port-Sarasota-Bradenton, FL",9.392648701605147,2.817713657169429,7.005242946267377,20.168323758125293,367,160.5,334,353,1214.5
603d5f09a6d90823aa53e41b,36420,"Oklahoma City, OK",3.2990524858937507,2.622877329598506,6.218585544279477,3.6044264423009293,265,216.5,310,75,866.5
603d5f09a6d90823aa53e41c,43100,"Sheboygan, WI",-0.07282816022195249,2.492597532046802,0.09509469847056026,14.050696599678725,48,256.5,137,215,656.5
603d5f09a6d90823aa53e41d,43300,"Sherman-Denison, TX",0.009543946201509411,1.9873501126774376,5.179838412008367,16.151203582939083,111,372.5,291,271,1045.5
603d5f09a6d90823aa53e41e,46660,"Valdosta, GA",0.14257393476903021,3.193396509825593,2.665794011403255,13.865187508415161,154,127.5,230,208,719.5
603d5f09a6d90823aa53e41f,14460,"Boston-Cambridge-Newton, MA-NH",1.3265082693090258,2.3907516185187947,-0.040927690761909566,17.81242370190388,203,288.5,42,307,840.5
603d5f09a6d90823aa53e420,15380,"Buffalo-Cheektowaga, NY",0.00035461527345713543,2.1132522985316653,2.18161577841088,14.455549373462429,92,344,223,226,885
603d5f09a6d90823aa53e421,16060,"Carbondale-Marion, IL",-1.6094104475413218,3.3723140622535985,0.81430501061298,0.248506595007554,10,117.5,186,56,369.5
603d5f09a6d90823aa53e422,16220,"Casper, WY",-0.05259335320193343,2.4110547047150437,0.8412981066249955,0.07813326359962022,51,276.5,188,45,560.5
603d5f09a6d90823aa53e423,16620,"Charleston, WV",0.005445902736177132,3.326250893316169,0.046062346741088965,-0.1451243973784479,107,123.5,125,19,374.5
603d5f09a6d90823aa53e424,16820,"Charlottesville, VA",3.6571141047046174,2.4291474536447053,0.09044693260144092,14.874236745694194,272,273.5,136,240,921.5
603d5f09a6d90823aa53e425,17420,"Cleveland, TN",4.164332250164076,2.2826454362792052,4.579635108481262,4.448762205463119,288,318.5,271,78,955.5
603d5f09a6d90823aa53e426,17780,"College Station-Bryan, TX",7.038545223776858,2.391165297927129,9.714071285325852,-0.05026945013049055,345,284.5,367,28,1024.5
603d5f09a6d90823aa53e427,19430,"Dayton-Kettering, OH",0.0017335078397892056,2.7295199105935564,-0.2522889693092397,14.653347919166945,100,176,14,231,521
603d5f09a6d90823aa53e428,22520,"Florence-Muscle Shoals, AL",0.000675812664729337,5.0404084883121705,3.309588757740688,-0.09100451721904124,95,35,241,25,396
603d5f09a6d90823aa53e429,23420,"Fresno, CA",3.6623924908492733,6.433246420855764,0.10360871842514748,18.168356868559744,273,7,140,312,732
603d5f09a6d90823aa53e42a,23540,"Gainesville, FL",4.168287110182057,2.06286250850768,4.9284256610187915,15.60152203944282,289,359.5,284,262,1194.5
603d5f09a6d90823aa53e42b,24580,"Green Bay, WI",2.7252513115271935,2.164046150084965,0.2549919050188883,15.27524644929282,245,336,165,252,998
603d5f09a6d90823aa53e42c,25180,"Hagerstown-Martinsburg, MD-WV",3.478952045094827,2.493621919298306,3.8358051073074115,14.977990268331675,268,255,252,244,1019
603d5f09a6d90823aa53e42d,31420,"Macon-Bibb County, GA",-0.17043774674342163,4.139772426569411,3.3857834271048546,11.87084627258544,37,66,243,159,505
603d5f09a6d90823aa53e42e,33100,"Miami-Fort Lauderdale-Pompano Beach, FL",2.492974931598018,2.6936829181196225,8.981748170306615,19.13725603958719,240,192.5,356,334,1122.5
603d5f09a6d90823aa53e42f,33260,"Midland, TX",8.03656018794872,2.391165297927129,13.441669790968822,-1.0287785988005163,356,284.5,381,4,1025.5
603d5f09a6d90823aa53e430,37860,"Pensacola-Ferry Pass-Brent, FL",5.861380859441058,3.055985753162684,0.0030523749384755677,16.314034140621985,324,137.5,99,276,836.5
603d5f09a6d90823aa53e431,38900,"Portland-Vancouver-Hillsboro, OR-WA",4.895338330901954,2.9177072623611116,-0.0076104195776521555,20.46552608138688,308,148.5,77,357,890.5
603d5f09a6d90823aa53e432,42340,"Savannah, GA",3.929040836093788,3.374147697532971,8.435000141907809,19.33755954359388,281,111.5,353,336,1081.5
603d5f09a6d90823aa53e433,44140,"Springfield, MA",0.0024376883831243134,3.374147697532971,-0.014159682823104761,14.226248055976033,103,111.5,65,218,497.5
603d5f09a6d90823aa53e434,44220,"Springfield, OH",-0.5220646912733158,2.0625730799727795,-0.40502748400784344,11.714542118282132,28,365,10,154,557
603d5f09a6d90823aa53e435,45220,"Tallahassee, FL",0.016527773114994565,2.9177072623611116,4.8205076895498,13.636899337344751,122,148.5,277,198,745.5
603d5f09a6d90823aa53e436,47380,"Waco, TX",4.119450934579439,2.08767906783529,5.845389803959663,14.795240034517992,287,348.5,304,237,1176.5
603d5f09a6d90823aa53e437,47460,"Walla Walla, WA",0.03456221198156682,3.193396509825593,0.31227088820702203,-0.9902229547446113,129,127.5,169,5,430.5
603d5f09a6d90823aa53e438,49180,"Winston-Salem, NC",2.9129832783043987,1.8200661488295315,0.006231829475469623,-0.07645660284927758,252,380.5,106,26,764.5
603d5f09a6d90823aa53e439,10180,"Abilene, TX",1.9185167964663492,2.380151946486333,4.550067501512965,13.377340412031788,217,293,270,193,973
603d5f09a6d90823aa53e43a,10580,"Albany-Schenectady-Troy, NY",0.09484529993264279,2.4674348113828106,-0.016231103283344987,15.6689234568621,148,264.5,61,264,737.5
603d5f09a6d90823aa53e43b,12220,"Auburn-Opelika, AL",2.7932078132027085,2.0862771153999753,10.242510699001427,11.808955027450413,249,352,373,157,1131
603d5f09a6d90823aa53e43c,11500,"Anniston-Oxford, AL",0.01408388715285419,5.046358147409059,0.01860244875870933,4.530759565952353,119,33,114,81,347
603d5f09a6d90823aa53e43d,14500,"Boulder, CO",1.9736600080932938,2.4000000001402064,-0.378594158427094,19.08989689646192,219,280,11,332,842
603d5f09a6d90823aa53e43e,14740,"Bremerton-Silverdale-Port Orchard, WA",0.012892626522711283,2.5617611275796235,0.7133313219257791,16.674818098166025,116,236,184,284,820
603d5f09a6d90823aa53e43f,17820,"Colorado Springs, CO",7.010140910791361,2.529500798655019,6.456653540846304,15.666695003408613,344,244.5,318,263,1169.5
603d5f09a6d90823aa53e440,19460,"Decatur, AL",-0.1258166615335216,3.8601958798912572,-0.23192045512787657,0.2351171079551287,41,78.5,15,55,189.5
603d5f09a6d90823aa53e441,19820,"Detroit-Warren-Dearborn, MI",0.08266913663187278,2.6616916325163773,-0.027632150288821763,12.656011417837806,145,201,49,174,569
603d5f09a6d90823aa53e442,20260,"Duluth, MN-WI",0.0010390258094011054,2.2251601268069474,1.338847609701388,11.722280965811626,97,326,203,155,781
603d5f09a6d90823aa53e443,21660,"Eugene-Springfield, OR",4.500519542383928,2.6616916325163773,0.006010949175112821,17.82237470826625,296,201,105,308,910
603d5f09a6d90823aa53e444,24020,"Glens Falls, NY",-0.3372007543069006,2.8439200994919065,0.1420929455031762,12.899360087490525,30,154.5,144,183,511.5
603d5f09a6d90823aa53e445,28940,"Knoxville, TN",3.4476886148719403,3.055985753162684,5.006462961235558,16.1587392948447,267,137.5,285,272,961.5
603d5f09a6d90823aa53e446,29540,"Lancaster, PA",2.4779925383527206,2.6291841496307686,4.921183827555402,14.982097179808324,238,210.5,283,245,976.5
603d5f09a6d90823aa53e447,32780,"Medford, OR",4.5459482945904846,4.582389797252757,0.7363943313304452,18.797415494167385,299,53.5,185,324,861.5
603d5f09a6d90823aa53e448,32820,"Memphis, TN-MS-AR",0.6523556047531843,3.3777049024201253,0.05016959379771253,13.932701227207575,181,107.5,127,212,627.5
603d5f09a6d90823aa53e449,33540,"Missoula, MT",4.83695652173913,2.480107249810064,5.988215411318686,16.292779571345392,307,259,307,275,1148
603d5f09a6d90823aa53e44a,34620,"Muncie, IN",-0.7736452446664038,3.374147697532971,-0.6241469991012283,-1.1302245506898008,19,111.5,5,3,138.5
603d5f09a6d90823aa53e44b,34900,"Napa, CA",-0.10817168079916366,2.7512065340156,6.299623616033408,20.244789353081494,44,170.5,313,354,881.5
603d5f09a6d90823aa53e44c,39150,"Prescott Valley-Prescott, AZ",6.285437198797103,2.7935073860616866,1.3018800651421853,16.434077887793315,332,166,199,280,977
603d5f09a6d90823aa53e44d,40060,"Richmond, VA",3.951776453285858,2.3250779461316453,5.978145077401427,17.47255358590821,282,309,306,300,1197
603d5f09a6d90823aa53e44e,40420,"Rockford, IL",-1.1073557938330814,4.904241881079429,0.4689262817942178,12.608089439885983,16,41.5,179,171,407.5
603d5f09a6d90823aa53e44f,43620,"Sioux Falls, SD",7.794744847743744,2.100000000013478,8.199904807234649,21.40234240496858,351,347,350,368,1416
603d5f09a6d90823aa53e450,44300,"State College, PA",0.8098038611940759,2.3618147331506876,1.7151623801972007,13.930029068833976,184,305.5,210,210,909.5
603d5f09a6d90823aa53e451,44940,"Sumter, SC",0.05908903222132046,5.016061516399055,-0.032467053319756196,14.366705675556588,139,36,47,223,445
603d5f09a6d90823aa53e452,45820,"Topeka, KS",-0.4103996654725416,2.8163893989347706,-0.0006917590741496552,13.008724177569682,29,163,91,184,467
603d5f09a6d90823aa53e453,46520,"Urban Honolulu, HI",-0.03488743159754679,2.464124451788653,2.0451684336654985,14.971519364002322,54,269,219,243,785
603d5f09a6d90823aa53e454,47260,"Virginia Beach-Norfolk-Newport News, VA-NC",0.38498480129752877,2.829510480139775,0.27286304886597246,11.079602316510325,173,157.5,168,142,640.5
603d5f09a6d90823aa53e455,47900,"Washington-Arlington-Alexandria, DC-VA-MD-WV",1.9761524862642024,2.624381171175938,6.506460246856527,13.78651702142824,220,214,321,204,959
603d5f09a6d90823aa53e456,48900,"Wilmington, NC",7.938615212430218,2.6936829181196225,9.241552763392479,16.887353358586317,353,192.5,361,288,1194.5
603d5f09a6d90823aa53e457,49020,"Winchester, VA-WV",4.700994550602564,2.5243718447650707,0.062476423990946814,13.80810227934963,304,248.5,132,205,889.5
603d5f09a6d90823aa53e458,10420,"Akron, OH",0.0012793558869561138,2.717637512062337,0,12.779356787059006,99,182.5,93.5,181,556
603d5f09a6d90823aa53e459,10740,"Albuquerque, NM",1.2920225965068224,3.177950359770203,0.4706249807199926,10.081636871069852,201,131,180,126,638
603d5f09a6d90823aa53e45a,14100,"Bloomsburg-Berwick, PA",0.034858283049258365,2.2826454362792052,0.9940655596532939,6.0427861025715215,130,318.5,191,86,725.5
603d5f09a6d90823aa53e45b,16740,"Charlotte-Concord-Gastonia, NC-SC",8.310304249373218,2.2826454362792052,9.3057652715127,21.280410555708727,360,318.5,363,366,1407.5
603d5f09a6d90823aa53e45c,16940,"Cheyenne, WY",0.005025125628140704,1.9873501126774376,6.73443632379658,4.5083644179005775,106,372.5,329,79,886.5
603d5f09a6d90823aa53e45d,17860,"Columbia, MO",2.301451196841089,2.391165297927129,5.813384094404558,16.185369923371066,232,284.5,303,273,1092.5
603d5f09a6d90823aa53e45e,18880,"Crestview-Fort Walton Beach-Destin, FL",10.015132948748109,2.529500798655019,1.9013740292184869,19.552999400586348,371,244.5,216,341,1172.5
603d5f09a6d90823aa53e45f,25260,"Hanford-Corcoran, CA",-0.19027069438995683,4.1371824187023325,1.106126712960118,1.0992390366798754,36,68,195,71,370
603d5f09a6d90823aa53e460,25540,"Hartford-East Hartford-Middletown, CT",-0.5517575652950467,2.5617611275796235,-0.016724259079227265,10.533206071888412,27,236,59,132,454
603d5f09a6d90823aa53e461,26980,"Iowa City, IA",2.312469310534069,2.1999999997116984,4.486459408585828,9.846618518074504,233,332,268,122,955
603d5f09a6d90823aa53e462,27780,"Johnstown, PA",-4.826717463438614,3.447113358214568,-1.4632372989184768,6.37529983346829,1,105,2,89,197
603d5f09a6d90823aa53e463,28140,"Kansas City, MO-KS",3.7646142938567837,2.7295199105935564,-0.010875475802066341,15.239001410217472,276,176,73,251,776
603d5f09a6d90823aa53e464,29020,"Kokomo, IN",0.035132777670091105,2.0625730799727795,-0.5159766256372,0.35681267613978723,131,365,7,60,563
603d5f09a6d90823aa53e465,29460,"Lakeland-Winter Haven, FL",9.79887606808715,3.939779136396374,7.616820982875545,18.07400880311674,370,76,340,310,1096
603d5f09a6d90823aa53e466,29940,"Lawrence, KS",4.042238199232776,2.5573779357975344,3.3998963689266213,15.006187363361583,284,238.5,244,246,1012.5
603d5f09a6d90823aa53e467,30140,"Lebanon, PA",3.1736404476948787,2.4674348113828106,2.380204017487213,13.817324541215362,261,264.5,225,206,956.5
603d5f09a6d90823aa53e468,30620,"Lima, OH",0.008793270217193774,2.2251601268069474,0.004704554008280015,0.06140494703563519,109,326,101,42,578
603d5f09a6d90823aa53e469,31140,"Louisville/Jefferson County, KY-IN",1.0336666909070213,2.616697931937238,-0.01038415401968215,14.46461969579792,193,219,74,227,713
603d5f09a6d90823aa53e46a,35300,"New Haven-Milford, CT",-0.0007019538886490547,3.374147697532971,2.2336613069402214,9.83839044571964,83,111.5,224,121,539.5
603d5f09a6d90823aa53e46b,36220,"Odessa, TX",4.088483543191977,2.3250779461316453,0.3835698059807098,0.7102448923822242,285,309,176,68,838
603d5f09a6d90823aa53e46c,39580,"Raleigh-Cary, NC",10.190935335080548,2.1629201628378265,11.18197283617475,23.883218030024437,375,339,378,376,1468
603d5f09a6d90823aa53e46d,39740,"Reading, PA",1.1767387525999373,2.2251601268069474,3.416318449837451,13.648726512152429,196,326,245,199,966
603d5f09a6d90823aa53e46e,44060,"Spokane-Spokane Valley, WA",5.5939886125578475,4.682347449831142,5.858914081362209,19.51127533703885,322,48.5,305,340,1015.5
603d5f09a6d90823aa53e46f,46340,"Tyler, TX",5.332307917044395,2.651206909962985,4.839442443556298,10.790084944670522,315,205,278,138,936
603d5f09a6d90823aa53e470,48140,"Wausau-Weston, WI",0.16351777566831002,2.3618147331506876,0.004619193673552345,17.207798692154228,158,305.5,100,294,857.5
603d5f09a6d90823aa53e471,15980,"Cape Coral-Fort Myers, FL",11.254812951852962,2.0862771153999753,2.7704865159897785,19.997590771891414,377,352,233,350,1312
603d5f09a6d90823aa53e472,16700,"Charleston-North Charleston, SC",8.253981314563122,2.0862771153999753,10.164065081740956,22.066769300650073,358,352,372,370,1452
603d5f09a6d90823aa53e473,20500,"Durham-Chapel Hill, NC",6.881947709923073,2.0625730799727795,0.38435302759995804,12.00531609857544,341,365,177,161,1044
603d5f09a6d90823aa53e474,22500,"Florence, SC",-0.0004880167487348166,4.727448120471204,-0.06700480059710606,17.700327615394766,85,46,30,302,463
603d5f09a6d90823aa53e475,24540,"Greeley, CO",12.514638265350147,2.480107249810064,10.722814790992954,23.741552641721604,380,259,375,375,1389
603d5f09a6d90823aa53e476,27740,"Johnson City, TN",0.022096843097682776,3.6397734430053212,-0.01766488778147604,13.719469398331116,124,91,54,201,470
603d5f09a6d90823aa53e477,28700,"Kingsport-Bristol, TN-VA",-0.06152303695939479,2.7935073860616866,-0.0031483766969750394,11.74859618817507,50,166,84,156,456
603d5f09a6d90823aa53e478,33140,"Michigan City-La Porte, IN",0,3.3777049024201253,-0.04855456786434601,7.995922367982046,90.5,107.5,38,99,335
603d5f09a6d90823aa53e479,33780,"Monroe, MI",-0.12159468438538207,2.7512065340156,-0.7019429086434303,8.148467312446819,42,170.5,4,101,317.5
603d5f09a6d90823aa53e47a,35380,"New Orleans-Metairie, LA",0.524348106695631,4.0776559537372785,-0.013610236842425053,-0.1425684624166179,174,69.5,67,22,332.5
603d5f09a6d90823aa53e47b,35660,"Niles, MI",-0.6362409632270977,3.055985753162684,-0.0011972319996168858,12.770786586308144,23,137.5,88,180,428.5
603d5f09a6d90823aa53e47c,35980,"Norwich-New London, CT",-1.5633130472161263,3.839767724422232,0.005980861244019139,9.037345105684633,11,81.5,104,114,310.5
603d5f09a6d90823aa53e47d,36100,"Ocala, FL",5.368196750907464,4.139772426569411,6.48751169698987,15.068748320556539,316,66,319,247,948
603d5f09a6d90823aa53e47e,36500,"Olympia-Lacey-Tumwater, WA",7.317165514772696,3.177950359770203,7.642230938924454,18.472040336000937,347,131,342,322,1142
603d5f09a6d90823aa53e47f,36540,"Omaha-Council Bluffs, NE-IA",4.668531621731501,2.364142408218023,5.067728567528844,16.989338009673745,303,303,290,292,1188
603d5f09a6d90823aa53e480,36780,"Oshkosh-Neenah, WI",1.5694532508856534,2.164046150084965,-0.0017240487560988224,12.386398209605705,209,336,87,167,799
603d5f09a6d90823aa53e481,41660,"San Angelo, TX",1.0284609143877994,2.08767906783529,0.018729347549799998,1.8825424426801165,192,348.5,115,73,728.5
603d5f09a6d90823aa53e482,45460,"Terre Haute, IN",0.06814511152725536,3.177950359770203,-0.007649771599676523,-0.09403168321131138,142,131,76,23,372
603d5f09a6d90823aa53e483,46540,"Utica-Rome, NY",-1.3917721300734507,2.6936829181196225,0.03742420013701063,12.189129159810644,12,192.5,123,164,491.5
603d5f09a6d90823aa53e484,48300,"Wenatchee, WA",4.458297755929337,3.768607786989399,6.313117528249358,16.342856995691058,293,84,314,277,968
603d5f09a6d90823aa53e485,49620,"York-Hanover, PA",1.706015703984786,2.851207029138685,-0.0008225307626505231,11.017255771881402,214,152,90,140,596
603d5f09a6d90823aa53e486,12540,"Bakersfield, CA",3.283929606910449,6.293141213286563,7.855753818865449,0.5170268594921289,263,9,346,62,680
603d5f09a6d90823aa53e487,15680,"California-Lexington Park, MD",2.272927495374857,2.7295199105935564,6.360539455877549,14.32250574757897,231,176,315,222,944
603d5f09a6d90823aa53e488,16180,"Carson City, NV",-0.2539523571070892,5.150877240259954,0.5164319248826291,-0.20977680121471548,32,25.5,182,15,254.5
603d5f09a6d90823aa53e489,16300,"Cedar Rapids, IA",2.68686454335023,2.380151946486333,-0.049334526036160585,10.603981079392536,243,293,37,134,707
603d5f09a6d90823aa53e48a,17020,"Chico, CA",0.032392579818054074,5.150877240259954,1.816800770175144,18.126866215777298,128,25.5,213,311,677.5
603d5f09a6d90823aa53e48b,19060,"Cumberland, MD-WV",0.0842892973150775,5.133493799639155,-0.023113613918598053,9.460369186521678,146,27.5,52,119,344.5
603d5f09a6d90823aa53e48c,21820,"Fairbanks, AK",-0.14248985534182076,2.6936829181196225,-0.08550808906522557,-0.237806041016272,40,192.5,22,13,267.5
603d5f09a6d90823aa53e48d,25420,"Harrisburg-Carlisle, PA",2.7573748877480573,2.3907516185187947,3.6611264683150324,14.279121166751146,247,288.5,248,220,1003.5
603d5f09a6d90823aa53e48e,25620,"Hattiesburg, MS",0.19840212260658932,2.778008430944714,-0.005148270181219111,8.731898093529976,161,169,82,110,522
603d5f09a6d90823aa53e48f,28420,"Kennewick-Richland, WA",7.417593420824266,5.196048089273235,9.29447374169189,0.04553690250965291,349,22,362,40,773
603d5f09a6d90823aa53e490,34580,"Mount Vernon-Anacortes, WA",5.39530203939476,4.946350062871868,5.040085293751125,0.005988942772562775,317,38.5,287,38,680.5
603d5f09a6d90823aa53e491,34940,"Naples-Marco Island, FL",9.1820775158352,3.055985753162684,1.801813129471527,20.42462553084222,366,137.5,212,356,1071.5
603d5f09a6d90823aa53e492,40380,"Rochester, NY",-0.0004674452434641806,2.817713657169429,-0.01718044744516197,10.464097391518086,86,160.5,56,130,432.5
603d5f09a6d90823aa53e493,41180,"St. Louis, MO-IL",0.07412882576800746,2.817713657169429,0.0006617984040731485,11.20903516690356,143,160.5,96,145,544.5
603d5f09a6d90823aa53e494,41420,"Salem, OR",0.008066318969908021,3.5741914573932503,6.060827921238953,20.161625060992932,108,94,308,352,862
603d5f09a6d90823aa53e495,42220,"Santa Rosa-Petaluma, CA",0.03944685396167789,2.651206909962985,-0.016923121134423864,19.74242150658643,133,205,57,344,739
603d5f09a6d90823aa53e496,45780,"Toledo, OH",-0.6587557804729081,2.161534646578859,0.0072113113147961195,0.13087934709520205,22,340.5,107,51,520.5
603d5f09a6d90823aa53e497,49420,"Yakima, WA",1.2069852076548693,4.775574194701116,5.030170772430358,17.745684664761136,198,43,286,304,831
603d5f09a6d90823aa53e498,49740,"Yuma, AZ",0.1506172031040241,15.55113703922209,1.0011391517700667,15.507076891286953,155,2,192,260,609
603d5f09a6d90823aa53e499,10540,"Albany-Lebanon, OR",5.275570524628321,4.547021087740138,4.230128973038568,19.005552527650075,312,56.5,263,329,960.5
603d5f09a6d90823aa53e49a,12420,"Austin-Round Rock-Georgetown, TX",12.326662275272184,2.599999999345746,13.052881345975425,24.110504978276058,379,222.5,380,377,1358.5
603d5f09a6d90823aa53e49b,13460,"Bend, OR",11.824454201485137,3.3723140622535985,10.857844863337949,27.661011913148513,378,117.5,376,384,1255.5
603d5f09a6d90823aa53e49c,13980,"Blacksburg-Christiansburg, VA",0.5879508867015657,2.529500798655019,2.687612168479826,13.113737557054868,178,244.5,232,188,842.5
603d5f09a6d90823aa53e49d,15260,"Brunswick, GA",3.0560957745055943,3.9601769646118825,3.550851297986664,14.20657882465259,257,74.5,247,217,795.5
603d5f09a6d90823aa53e49e,16020,"Cape Girardeau, MO-IL",0.0640727535782566,2.06286250850768,1.860337980158539,11.707714276596766,140,359.5,214,153,866.5
603d5f09a6d90823aa53e49f,17460,"Cleveland-Elyria, OH",0.0029290453411337067,2.4110547047150437,-0.0325536073786226,13.777257904713549,104,276.5,46,202,628.5
603d5f09a6d90823aa53e4a0,17900,"Columbia, SC",4.198546574383403,2.6936829181196225,5.618116402443381,15.920587559760492,290,192.5,299,269,1050.5
603d5f09a6d90823aa53e4a1,18140,"Columbus, OH",5.1713942281640755,2.2905560341871745,5.731631979509284,14.705644658872249,311,316,301,233,1161
603d5f09a6d90823aa53e4a2,19300,"Daphne-Fairhope-Foley, AL",10.161982493706157,2.6936829181196225,0.1932488392521019,19.30856963754597,374,192.5,152,335,1053.5
603d5f09a6d90823aa53e4a3,22180,"Fayetteville, NC",3.113424805256693,5.3044001066494975,1.3185503913912888,8.249314044770369,258,16,201,102,577
603d5f09a6d90823aa53e4a4,22660,"Fort Collins, CO",8.85432573361091,2.5000000000400844,8.718584157366571,22.53062596418198,364,253.5,355,372,1344.5
603d5f09a6d90823aa53e4a5,24220,"Grand Forks, ND-MN",-0.017854485939592324,2.3999999993327674,0.2311450677518028,8.34090932659502,61,282,162,106,611
603d5f09a6d90823aa53e4a6,25060,"Gulfport-Biloxi, MS",2.9968994289681925,3.7233810390434012,0.012552957790679428,0.7102208741873001,255,85,110,67,517
603d5f09a6d90823aa53e4a7,26820,"Idaho Falls, ID",6.603972810664555,2.599999999345746,8.446164427153372,19.792258333989874,337,222.5,354,348,1261.5
603d5f09a6d90823aa53e4a8,27900,"Joplin, MO",1.7988015415116614,2.3674245410888264,-0.040021344717182494,11.663990344658446,215,300.5,44,150,709.5
603d5f09a6d90823aa53e4a9,29200,"Lafayette-West Lafayette, IN",3.8115552656200378,2.2640319851049666,-0.0885873721351071,18.34209686546652,278,321.5,21,318,938.5
603d5f09a6d90823aa53e4aa,30340,"Lewiston-Auburn, ME",0.03878940125788487,2.164046150084965,0.017216552933074565,12.319254234230225,132,336,113,166,747
603d5f09a6d90823aa53e4ab,31540,"Madison, WI",3.8489016567273056,2.6000000000419345,5.774814043097571,18.94647879784793,279,221,302,328,1130
603d5f09a6d90823aa53e4ac,32900,"Merced, CA",4.113728032267358,7.255012059883183,5.283908731638207,19.472003578742918,286,4,292,339,921
603d5f09a6d90823aa53e4ad,35620,"New York-Newark-Jersey City, NY-NJ-PA",0.009361901339194227,3.055985753162684,6.493213408180158,-215.38493063265742,110,137.5,320,1,568.5
603d5f09a6d90823aa53e4ae,36260,"Ogden-Clearfield, UT",7.080208930430612,2.4684132986461504,0.08734016222577563,18.84143808955568,346,261,135,325,1067
603d5f09a6d90823aa53e4af,37460,"Panama City, FL",0.0520878051572651,2.6936829181196225,0.15127734810808766,12.470003662938261,136,192.5,146,169,643.5
603d5f09a6d90823aa53e4b0,39340,"Provo-Orem, UT",10.27671337689664,2.364142408218023,13.040797397745235,25.529932813723384,376,303,379,380,1438
603d5f09a6d90823aa53e4b1,39540,"Racine, WI",-0.002546979028174682,2.7935073860616866,0.2310088072107749,8.284137431489167,75,166,161,105,507
603d5f09a6d90823aa53e4b2,42680,"Sebastian-Vero Beach, FL",8.00822896018709,4.904241881079429,2.436069353282989,20.7435410698716,355,41.5,227,361,984.5
603d5f09a6d90823aa53e4b3,48660,"Wichita Falls, TX",0.0006611395401113359,2.5243718447650707,-0.06933744221879815,9.413298200620623,94,248.5,29,118,489.5
603d5f09a6d90823aa53e4b4,49700,"Yuba City, CA",2.9913629660838423,5.847564968165085,4.878210132176076,14.763569065474675,254,10,282,235,781
603d5f09a6d90823aa53e4b5,11100,"Amarillo, TX",0.8334182220159742,2.4000000005244364,2.4054695297232365,12.08459759214375,185,278.5,226,163,852.5
603d5f09a6d90823aa53e4b6,11460,"Ann Arbor, MI",0.9208353622541832,2.380151946486333,-0.09094732604077173,16.822869681281205,189,293,20,286,788
603d5f09a6d90823aa53e4b7,13900,"Bismarck, ND",2.1310750761929134,2.100000000072805,4.219785823559408,4.357667962231718,225,346,262,77,910
603d5f09a6d90823aa53e4b8,15180,"Brownsville-Harlingen, TX",0.3391128241363257,5.133493799639155,6.414199762937178,15.233439046726211,170,27.5,317,250,764.5
603d5f09a6d90823aa53e4b9,15500,"Burlington, NC",6.021509182403294,2.8439200994919065,-0.14136077122728957,13.484459599687904,328,154.5,18,196,696.5
603d5f09a6d90823aa53e4ba,16860,"Chattanooga, TN-GA",3.4446579404593822,2.1132522985316653,3.9051518133258365,16.87491743310565,266,344,254,287,1151
603d5f09a6d90823aa53e4bb,17140,"Cincinnati, OH-KY-IN",2.07526715192814,2.4674348113828106,3.728773061387225,17.807617764751413,222,264.5,250,306,1042.5
603d5f09a6d90823aa53e4bc,18700,"Corvallis, OR",4.475943816964525,2.164046150084965,-0.07330964867760671,13.182717838858892,294,336,26,189,845
603d5f09a6d90823aa53e4bd,19100,"Dallas-Fort Worth-Arlington, TX",8.472051736559333,2.649065696798983,9.905728963787707,19.77479361724925,362,207,371,346,1286
603d5f09a6d90823aa53e4be,19500,"Decatur, IL",-1.2979645992173754,4.482261398823304,0.2254680913635918,-0.1663075965333707,13,59,159,18,249
603d5f09a6d90823aa53e4bf,20700,"East Stroudsburg, PA",-0.07106318750697418,3.3324139321031487,0.8390665384759456,12.620427728880571,49,121.5,187,172,529.5
603d5f09a6d90823aa53e4c0,21060,"Elizabethtown-Fort Knox, KY",0.011693778909620083,2.2936050390126823,0.20756663143552062,0.11846349709102107,114,313.5,157,49,633.5
603d5f09a6d90823aa53e4c1,22900,"Fort Smith, AR-OK",0.26800549591002043,2.5937527321240634,0.04651094114520273,0.18489694046177554,166,228,126,54,574
603d5f09a6d90823aa53e4c2,23900,"Gettysburg, PA",-0.012620256482443281,2.164046150084965,0.4746899365733447,12.687334673995357,64,336,181,175,756
603d5f09a6d90823aa53e4c3,24860,"Greenville-Anderson, SC",5.865545798537062,2.1847466171339294,6.410161597832616,20.60096880859163,325,333,316,359,1333
603d5f09a6d90823aa53e4c4,29740,"Las Cruces, NM",0.05728820550425078,5.2704035579282404,1.6703152575390816,-0.03735188063845793,137,17,208,30,392
603d5f09a6d90823aa53e4c5,31900,"Mansfield, OH",-0.2401901711870842,2.7935073860616866,-0.015359803394516551,7.776217502349692,33,166,63,97,359
603d5f09a6d90823aa53e4c6,34740,"Muskegon, MI",-0.012099143841535785,3.5397849329538538,0.022248590922574904,6.06005992998371,65,97.5,118,87,367.5
603d5f09a6d90823aa53e4c7,36740,"Orlando-Kissimmee-Sanford, FL",10.115917546058562,2.9559421182029677,11.098347036733518,20.46898298096162,373,144,377,358,1252
603d5f09a6d90823aa53e4c8,37980,"Philadelphia-Camden-Wilmington, PA-NJ-DE-MD",0.642891016928655,2.5937527321240634,4.796899920445993,13.78059567629959,180,228,276,203,887
603d5f09a6d90823aa53e4c9,38340,"Pittsfield, MA",0.013606095530797798,2.6936829181196225,0,9.897904164334843,117,192.5,93.5,124,527
603d5f09a6d90823aa53e4ca,41700,"San Antonio-New Braunfels, TX",7.975428858155362,2.492597532046802,9.786240288137245,18.618603498492504,354,256.5,368,323,1301.5
603d5f09a6d90823aa53e4cb,42100,"Santa Cruz-Watsonville, CA",0.2660927554691761,5.09252375854232,-0.06507117159393086,15.986256955747733,165,29.5,31,270,495.5
603d5f09a6d90823aa53e4cc,44180,"Springfield, MO",3.886030193493515,2.551206815908553,5.4983893297775,13.891816976028078,280,240.5,296,209,1025.5
603d5f09a6d90823aa53e4cd,44700,"Stockton, CA",5.502212168765121,5.041779710628878,6.5346944525098385,19.44135805605901,319,34,322,338,1013