,CBSA,year,Population
0,11540,2010,225948
1,12020,2010,193439
2,14010,2010,169810
3,15540,2010,211538
4,19660,2010,590506
5,20100,2010,162956
6,20740,2010,161655
7,24260,2010,72936
8,24420,2010,82879
9,24500,2010,81507
10,26420,2010,5947236
11,26900,2010,1892640
12,27060,2010,101740
13,27140,2010,588272
14,28100,2010,113418
15,28660,2010,408262
16,32580,2010,779149
17,33460,2010,3340007
18,40980,2010,199862
19,41140,2010,127271
20,42140,2010,144522
21,43900,2010,284731
22,45060,2010,663110
23,48700,2010,116225
24,10900,2010,821923
25,12940,2010,827629
26,14860,2010,919355
27,16980,2010,9470634
28,21140,2010,197451
29,21300,2010,88895
30,21340,2010,807048
31,21420,2010,60765
32,21500,2010,280799
33,24660,2010,725264
34,25860,2010,365565
35,27980,2010,155020
36,30780,2010,702294
37,34100,2010,136945
38,35100,2010,127423
39,37900,2010,416051
40,40340,2010,207222
41,40660,2010,96431
42,40900,2010,2153613
43,41100,2010,138389
44,41500,2010,416373
45,42020,2010,269802
46,42660,2010,3449241
47,43580,2010,143901
48,11180,2010,115925
49,10500,2010,154145
50,12620,2010,153861
51,13780,2010,251489
52,20020,2010,145871
53,21780,2010,311802
54,26300,2010,96067
55,27620,2010,149991
56,30980,2010,280487
57,31080,2010,12838417
58,31860,2010,96844
59,37100,2010,825097
60,39660,2010,126727
61,39820,2010,177274
62,41940,2010,1841556
63,43340,2010,399935
64,44100,2010,210465
65,49340,2010,918935
66,12060,2010,5302598
67,14020,2010,160132
68,15940,2010,404218
69,17980,2010,309476
70,22420,2010,424953
71,24780,2010,168863
72,27100,2010,160109
73,27340,2010,186892
74,30020,2010,131569
75,30460,2010,473412
76,34980,2010,1650831
77,37340,2010,543965
78,38060,2010,4204204
79,39380,2010,159390
80,40580,2010,152405
81,41860,2010,4343634
82,42200,2010,424231
83,45940,2010,367713
84,47580,2010,168508
85,48620,2010,623887
86,12980,2010,135951
87,13380,2010,201545
88,13820,2010,1061717
89,14260,2010,617866
90,18020,2010,76818
91,20220,2010,93929
92,25500,2010,125401
93,25940,2010,187777
94,26580,2010,371065
95,26620,2010,419276
96,29620,2010,534899
97,29820,2010,1952587
98,31340,2010,252969
99,33340,2010,1556678
100,36140,2010,97212
101,39460,2010,159875
102,41060,2010,189218
103,43780,2010,319044
104,45300,2010,2788366
105,45540,2010,94278
106,46700,2010,413967
107,47220,2010,156699
108,48260,2010,124329
109,49660,2010,564826
110,11260,2010,383053
111,12700,2010,215899
112,17660,2010,138848
113,19340,2010,379743
114,22220,2010,442301
115,22540,2010,101576
116,23580,2010,180033
117,24140,2010,122886
118,24340,2010,994262
119,26140,2010,141173
120,27260,2010,1348907
121,27500,2010,160260
122,27860,2010,121263
123,28020,2010,250751
124,29340,2010,199943
125,33660,2010,430941
126,33740,2010,204675
127,36980,2010,114770
128,38300,2010,2357090
129,39300,2010,1603125
130,39900,2010,425951
131,41740,2010,3103212
132,42540,2010,563740
133,42700,2010,98635
134,46060,2010,981620
135,46220,2010,239481
136,46300,2010,99987
137,47300,2010,442969
138,11020,2010,127045
139,12260,2010,566694
140,12580,2010,2715738
141,13220,2010,124949
142,17300,2010,274959
143,18580,2010,404676
144,19140,2010,142278
145,19180,2010,81640
146,19780,2010,608930
147,20940,2010,174716
148,22140,2010,130203
149,25220,2010,121485
150,26380,2010,208251
151,28740,2010,182418
152,29700,2010,251370
153,30860,2010,126167
154,31020,2010,102358
155,31460,2010,150986
156,31700,2010,401055
157,37620,2010,92698
158,48060,2010,116592
159,48540,2010,147899
160,13020,2010,107679
161,13140,2010,389251
162,13740,2010,167571
163,16580,2010,218255
164,22380,2010,134612
165,24300,2010,146259
166,25980,2010,77339
167,27180,2010,179762
168,30700,2010,302961
169,31180,2010,292241
170,31740,2010,128521
171,33700,2010,515145
172,33860,2010,375119
173,34820,2010,378343
174,38220,2010,100107
175,38540,2010,90892
176,38860,2010,513911
177,38940,2010,425173
178,40140,2010,4242424
179,40220,2010,308589
180,41540,2010,374821
181,41620,2010,1091478
182,43420,2010,131822
183,44420,2010,118314
184,45500,2010,149332
185,46140,2010,939833
186,47020,2010,94102
187,47940,2010,167920
188,10780,2010,154096
189,11700,2010,425338
190,12100,2010,274648
191,14540,2010,159341
192,16540,2010,149925
193,19740,2010,2554523
194,22020,2010,209455
195,23060,2010,389298
196,23460,2010,104459
197,29100,2010,133897
198,29180,2010,467612
199,29420,2010,200314
200,30300,2010,61040
201,33220,2010,83651
202,34060,2010,130308
203,35840,2010,703354
204,36420,2010,1257793
205,43100,2010,115524
206,43300,2010,121034
207,46660,2010,140054
208,14460,2010,4566348
209,15380,2010,1135627
210,16060,2010,139409
211,16220,2010,75470
212,16620,2010,277805
213,16820,2010,201891
214,17420,2010,115896
215,17780,2010,229458
216,19430,2010,799672
217,22520,2010,147261
218,23420,2010,932039
219,23540,2010,305334
220,24580,2010,306754
221,25180,2010,269833
222,31420,2010,232199
223,33100,2010,5583394
224,33260,2010,141783
225,37860,2010,450946
226,38900,2010,2232181
227,42340,2010,348640
228,44140,2010,694935
229,44220,2010,138274
230,45220,2010,369345
231,47380,2010,253808
232,47460,2010,58915
233,49180,2010,641245
234,10180,2010,165585
235,10580,2010,871082
236,12220,2010,140794
237,11500,2010,118408
238,14500,2010,295037
239,14740,2010,251681
240,17820,2010,650500
241,19460,2010,153950
242,19820,2010,4291508
243,20260,2010,290542
244,21660,2010,351920
245,24020,2010,129021
246,28940,2010,815984
247,29540,2010,520319
248,32780,2010,203341
249,32820,2010,1317489
250,33540,2010,109467
251,34620,2010,117665
252,34900,2010,136759
253,39150,2010,210983
254,40060,2010,1188246
255,40420,2010,349184
256,43620,2010,229099
257,44300,2010,154230
258,44940,2010,142555
259,45820,2010,234266
260,46520,2010,956285
261,47260,2010,1717036
262,47900,2010,5678491
263,48900,2010,255699
264,49020,2010,128652
265,10420,2010,703031
266,10740,2010,889558
267,14100,2010,85657
268,16740,2010,2250121
269,16940,2010,92236
270,17860,2010,190947
271,18880,2010,235932
272,25260,2010,152370
273,25540,2010,1214091
274,26980,2010,153025
275,27780,2010,143461
276,28140,2010,2013361
277,29020,2010,82752
278,29460,2010,603102
279,29940,2010,111198
280,30140,2010,133664
281,30620,2010,106358
282,31140,2010,1204655
283,35300,2010,863357
284,36220,2010,137075
285,39580,2010,1137383
286,39740,2010,412039
287,44060,2010,515553
288,46340,2010,210408
289,48140,2010,162829
290,15980,2010,620449
291,16700,2010,667450
292,20500,2010,566267
293,22500,2010,205662
294,24540,2010,254207
295,27740,2010,199010
296,28700,2010,309480
297,33140,2010,111459
298,33780,2010,151936
299,35380,2010,1195324
300,35660,2010,156737
301,35980,2010,274004
302,36100,2010,331331
303,36500,2010,253001
304,36540,2010,867671
305,36780,2010,167073
306,41660,2010,113422
307,45460,2010,189523
308,46540,2010,299226
309,48300,2010,111264
310,49620,2010,435413
311,12540,2010,840996
312,15680,2010,105761
313,16180,2010,54981
314,16300,2010,258440
315,17020,2010,219949
316,19060,2010,103170
317,21820,2010,98264
318,25420,2010,550088
319,25620,2010,162856
320,28420,2010,255542
321,34580,2010,116944
322,34940,2010,322581
323,39100,2010,671173
324,40380,2010,1079974
325,41180,2010,2789989
326,41420,2010,391479
327,42220,2010,484755
328,45780,2010,651372
329,49420,2010,244256
330,49740,2010,197127
331,10540,2010,116891
332,12420,2010,1727502
333,13460,2010,157742
334,13980,2010,163131
335,15260,2010,112534
336,16020,2010,96447
337,17460,2010,2075478
338,17900,2010,769646
339,18140,2010,1906366
340,19300,2010,183112
341,22180,2010,490446
342,22660,2010,300441
343,24220,2010,98633
344,25060,2010,389324
345,26820,2010,133813
346,27900,2010,175833
347,29200,2010,210687
348,30340,2010,107708
349,31540,2010,606625
350,32900,2010,256721
351,35620,2010,18923407
352,36260,2010,599740
353,37460,2010,169206
354,39340,2010,530262
355,39540,2010,195406
356,42680,2010,138270
357,48660,2010,151649
358,49700,2010,167099
359,11100,2010,252664
360,11460,2010,345717
361,13900,2010,111112
362,15180,2010,407630
363,15500,2010,151431
364,16860,2010,529131
365,17140,2010,2140715
366,18700,2010,85574
367,19100,2010,6392065
368,19500,2010,110787
369,20700,2010,169849
370,21060,2010,149833
371,22900,2010,248344
372,23900,2010,101479
373,24860,2010,825625
374,29740,2010,210097
375,31900,2010,124162
376,34740,2010,171913
377,36740,2010,2139161
378,37980,2010,5970899
379,38340,2010,131317
380,41700,2010,2153009
381,42100,2010,263147
382,44180,2010,437349
383,44700,2010,687127
384,11540,2011,227548
385,12020,2011,194375
386,14010,2011,170909
387,15540,2011,213235
388,19660,2011,591926
389,20100,2011,165110
390,20740,2011,162886
391,24260,2011,73547
392,24420,2011,82702
393,24500,2011,81714
394,26420,2011,6056193
395,26900,2011,1910719
396,27060,2011,101821
397,27140,2011,593409
398,28100,2011,113519
399,28660,2011,412348
400,32580,2011,795517
401,33460,2011,3373392
402,40980,2011,198899
403,41140,2011,127700
404,42140,2011,145847
405,43900,2011,286102
406,45060,2011,662482
407,48700,2011,116748
408,10900,2011,824930
409,12940,2011,831493
410,14860,2011,928000
411,16980,2011,9500870
412,21140,2011,198279
413,21300,2011,88899
414,21340,2011,823308
415,21420,2011,60763
416,21500,2011,281327
417,24660,2011,730095
418,25860,2011,364478
419,27980,2011,156936
420,30780,2011,710682
421,34100,2011,137560
422,35100,2011,128135
423,37900,2011,416687
424,40340,2011,208473
425,40660,2011,96161
426,40900,2011,2172948
427,41100,2011,141249
428,41500,2011,420456
429,42020,2011,271058
430,42660,2011,3503891
431,43580,2011,144171
432,11180,2011,117424
433,10500,2011,154545
434,12620,2011,153759
435,13780,2011,250238
436,20020,2011,146621
437,21780,2011,312698
438,26300,2011,96854
439,27620,2011,150413
440,30980,2011,282427
441,31080,2011,12925753
442,31860,2011,97325
443,37100,2011,830099
444,39660,2011,127903
445,39820,2011,177588
446,41940,2011,1868031
447,43340,2011,403880
448,44100,2011,211736
449,49340,2011,922378
450,12060,2011,5366462
451,14020,2011,161722
452,15940,2011,403331
453,17980,2011,315305
454,22420,2011,422026
455,24780,2011,170791
456,27100,2011,159658
457,27340,2011,184993
458,30020,2011,132255
459,30460,2011,478930
460,34980,2011,1674534
461,37340,2011,544359
462,38060,2011,4253037
463,39380,2011,160184
464,40580,2011,151790
465,41860,2011,4395725
466,42200,2011,425453
467,45940,2011,367378
468,47580,2011,171561
469,48620,2011,625327
470,12980,2011,135105
471,13380,2011,203490
472,13820,2011,1064030
473,14260,2011,627670
474,18020,2011,77620
475,20220,2011,94593
476,25500,2011,126796
477,25940,2011,189330
478,26580,2011,371126
479,26620,2011,425122
480,29620,2011,536605
481,29820,2011,1961925
482,31340,2011,254190
483,33340,2011,1561296
484,36140,2011,96494
485,39460,2011,159869
486,41060,2011,190090
487,43780,2011,318884
488,45300,2011,2813269
489,45540,2011,97975
490,46700,2011,416342
491,47220,2011,157043
492,48260,2011,123482
493,49660,2011,562347
494,11260,2011,387922
495,12700,2011,215356
496,17660,2011,140932
497,19340,2011,380685
498,22220,2011,452884
499,22540,2011,101810
500,23580,2011,182269
501,24140,2011,124038
502,24340,2011,1002556
503,26140,2011,139764
504,27260,2011,1361972
505,27500,2011,159867
506,27860,2011,122854
507,28020,2011,252600
508,29340,2011,200534
509,33660,2011,430423
510,33740,2011,204886
511,36980,2011,115255
512,38300,2011,2360417
513,39300,2011,1602957
514,39900,2011,427901
515,41740,2011,3137156
516,42540,2011,563676
517,42700,2011,98477
518,46060,2011,988381
519,46220,2011,240363
520,46300,2011,100620
521,47300,2011,446784
522,11020,2011,126970
523,12260,2011,570849
524,12580,2011,2733785
525,13220,2011,125266
526,17300,2011,277405
527,18580,2011,407721
528,19140,2011,142285
529,19180,2011,81414
530,19780,2011,618299
531,20940,2011,175786
532,22140,2011,129711
533,25220,2011,122700
534,26380,2011,208713
535,28740,2011,182448
536,29700,2011,255935
537,30860,2011,127591
538,31020,2011,102309
539,31460,2011,151675
540,31700,2011,402774
541,37620,2011,92643
542,48060,2011,117752
543,48540,2011,147260
544,13020,2011,107417
545,13140,2011,390905
546,13740,2011,169017
547,16580,2011,219876
548,22380,2011,134275
549,24300,2011,147174
550,25980,2011,80267
551,27180,2011,179692
552,30700,2011,306619
553,31180,2011,295338
554,31740,2011,130746
555,33700,2011,517560
556,33860,2011,375549
557,34820,2011,385650
558,38220,2011,99052
559,38540,2011,91421
560,38860,2011,516070
561,38940,2011,428287
562,40140,2011,4294897
563,40220,2011,309134
564,41540,2011,378196
565,41620,2011,1106800
566,43420,2011,133097
567,44420,2011,118774
568,45500,2011,149515
569,46140,2011,945750
570,47020,2011,94765
571,47940,2011,168443
572,10780,2011,154402
573,11700,2011,428113
574,12100,2011,274621
575,14540,2011,160985
576,16540,2011,150934
577,19740,2011,2602918
578,22020,2011,213222
579,23060,2011,392332
580,23460,2011,104369
581,29100,2011,134106
582,29180,2011,470935
583,29420,2011,202812
584,30300,2011,61409
585,33220,2011,83805
586,34060,2011,132678
587,35840,2011,709775
588,36420,2011,1277045
589,43100,2011,115208
590,43300,2011,121430
591,46660,2011,142007
592,14460,2011,4609790
593,15380,2011,1135562
594,16060,2011,139956
595,16220,2011,76399
596,16620,2011,276817
597,16820,2011,203617
598,17420,2011,116569
599,17780,2011,231435
600,19430,2011,800858
601,22520,2011,147146
602,23420,2011,939406
603,23540,2011,306979
604,24580,2011,308613
605,25180,2011,271983
606,31420,2011,232707
607,33100,2011,5668271
608,33260,2011,145108
609,37860,2011,455139
610,38900,2011,2262834
611,42340,2011,355582
612,44140,2011,698017
613,44220,2011,137811
614,45220,2011,371246
615,47380,2011,255700
616,47460,2011,59444
617,49180,2011,644266
618,10180,2011,166634
619,10580,2011,872778
620,12220,2011,144130
621,11500,2011,117744
622,14500,2011,299957
623,14740,2011,254297
624,17820,2011,660674
625,19460,2011,154075
626,19820,2011,4291696
627,20260,2011,290594
628,21660,2011,354034
629,24020,2011,128827
630,28940,2011,820702
631,29540,2011,523957
632,32780,2011,204747
633,32820,2011,1323741
634,33540,2011,110245
635,34620,2011,117901
636,34900,2011,137691
637,39150,2011,211044
638,40060,2011,1197059
639,40420,2011,347773
640,43620,2011,232150
641,44300,2011,155067
642,44940,2011,142018
643,45820,2011,234696
644,46520,2011,967336
645,47260,2011,1723208
646,47900,2011,5782319
647,48900,2011,259141
648,49020,2011,129954
649,10420,2011,703200
650,10740,2011,898016
651,14100,2011,85449
652,16740,2011,2281230
653,16940,2011,92576
654,17860,2011,194030
655,18880,2011,238704
656,25260,2011,151868
657,25540,2011,1216088
658,26980,2011,155908
659,27780,2011,142579
660,28140,2011,2025490
661,29020,2011,82797
662,29460,2011,609948
663,29940,2011,112479
664,30140,2011,134529
665,30620,2011,105988
666,31140,2011,1211869
667,35300,2011,863871
668,36220,2011,139642
669,39580,2011,1162179
670,39740,2011,413008
671,44060,2011,516889
672,46340,2011,212764
673,48140,2011,162844
674,15980,2011,631053
675,16700,2011,681262
676,20500,2011,572520
677,22500,2011,205800
678,24540,2011,258827
679,27740,2011,199574
680,28700,2011,309098
681,33140,2011,111317
682,33780,2011,151496
683,35380,2011,1214008
684,35660,2011,156885
685,35980,2011,273037
686,36100,2011,332286
687,36500,2011,256386
688,36540,2011,876022
689,36780,2011,167493
690,41660,2011,114513
691,45460,2011,189541
692,46540,2011,298604
693,48300,2011,111876
694,49620,2011,436701
695,12540,2011,847970
696,15680,2011,107566
697,16180,2011,54676
698,16300,2011,261028
699,17020,2011,219975
700,19060,2011,102629
701,21820,2011,98120
702,25420,2011,552280
703,25620,2011,164801
704,28420,2011,263487
705,34580,2011,117578
706,34940,2011,327629
707,39100,2011,672230
708,40380,2011,1081557
709,41180,2011,2795155
710,41420,2011,393978
711,42220,2011,487421
712,45780,2011,650166
713,49420,2011,245926
714,49740,2011,202841
715,10540,2011,118164
716,12420,2011,1780535
717,13460,2011,159660
718,13980,2011,163442
719,15260,2011,112895
720,16020,2011,96982
721,17460,2011,2068989
722,17900,2011,776195
723,18140,2011,1926338
724,19300,2011,186558
725,22180,2011,499149
726,22660,2011,305246
727,24220,2011,98194
728,25060,2011,393744
729,26820,2011,134959
730,27900,2011,173846
731,29200,2011,213230
732,30340,2011,107439
733,31540,2011,613159
734,32900,2011,259297
735,35620,2011,19052774
736,36260,2011,605591
737,37460,2011,169555
738,39340,2011,541001
739,39540,2011,194908
740,42680,2011,139103
741,48660,2011,150311
742,49700,2011,166971
743,11100,2011,255975
744,11460,2011,349753
745,13900,2011,112865
746,15180,2011,413201
747,15500,2011,152692
748,16860,2011,533621
749,17140,2011,2146208
750,18700,2011,86266
751,19100,2011,6510544
752,19500,2011,110684
753,20700,2011,169891
754,21060,2011,151319
755,22900,2011,249236
756,23900,2011,101474
757,24860,2011,833220
758,29740,2011,213126
759,31900,2011,123144
760,34740,2011,170026
761,36740,2011,2176054
762,37980,2011,5996232
763,38340,2011,130547
764,41700,2011,2193923
765,42100,2011,264858
766,44180,2011,440432
767,44700,2011,694354
768,11540,2012,228656
769,12020,2012,195984
770,14010,2012,172721
771,15540,2012,213962
772,19660,2012,594969
773,20100,2012,167297
774,20740,2012,163892
775,24260,2012,74238
776,24420,2012,82755
777,24500,2012,81622
778,26420,2012,6183531
779,26900,2012,1929678
780,27060,2012,102726
781,27140,2012,595585
782,28100,2012,112974
783,28660,2012,423475
784,32580,2012,808334
785,33460,2012,3405952
786,40980,2012,198363
787,41140,2012,127908
788,42140,2012,146722
789,43900,2012,288176
790,45060,2012,660902
791,48700,2012,117222
792,10900,2012,826144
793,12940,2012,836197
794,14860,2012,935099
795,16980,2012,9528090
796,21140,2012,198968
797,21300,2012,89137
798,21340,2012,835667
799,21420,2012,61399
800,21500,2012,281532
801,24660,2012,735475
802,25860,2012,363670
803,27980,2012,158889
804,30780,2012,717665
805,34100,2012,137753
806,35100,2012,128409
807,37900,2012,416866
808,40340,2012,209547
809,40660,2012,95940
810,40900,2012,2190266
811,41100,2012,144139
812,41500,2012,424788
813,42020,2012,274160
814,42660,2012,3558829
815,43580,2012,143723
816,11180,2012,118139
817,10500,2012,153976
818,12620,2012,153347
819,13780,2012,248945
820,20020,2012,147448
821,21780,2012,313422
822,26300,2012,96986
823,27620,2012,150391
824,30980,2012,283056
825,31080,2012,13013443
826,31860,2012,97994
827,37100,2012,833516
828,39660,2012,130075
829,39820,2012,177875
830,41940,2012,1894452
831,43340,2012,407435
832,44100,2012,212095
833,49340,2012,924856
834,12060,2012,5444473
835,14020,2012,162852
836,15940,2012,403429
837,17980,2012,322721
838,22420,2012,418193
839,24780,2012,172980
840,27100,2012,159962
841,27340,2012,190678
842,30020,2012,132696
843,30460,2012,485236
844,34980,2012,1703609
845,37340,2012,546966
846,38060,2012,4329756
847,39380,2012,160721
848,40580,2012,150862
849,41860,2012,4455473
850,42200,2012,429699
851,45940,2012,368554
852,47580,2012,173592
853,48620,2012,628159
854,12980,2012,134737
855,13380,2012,204863
856,13820,2012,1067563
857,14260,2012,637425
858,18020,2012,79001
859,20220,2012,95159
860,25500,2012,128449
861,25940,2012,193145
862,26580,2012,370972
863,26620,2012,430056
864,29620,2012,537005
865,29820,2012,1989224
866,31340,2012,255725
867,33340,2012,1567248
868,36140,2012,96228
869,39460,2012,162744
870,41060,2012,190562
871,43780,2012,318296
872,45300,2012,2843636
873,45540,2012,101669
874,46700,2012,419674
875,47220,2012,156934
876,48260,2012,122680
877,49660,2012,558530
878,11260,2012,391932
879,12700,2012,214788
880,17660,2012,142084
881,19340,2012,382431
882,22220,2012,462291
883,22540,2012,101788
884,23580,2012,184102
885,24140,2012,124559
886,24340,2012,1013655
887,26140,2012,139180
888,27260,2012,1377607
889,27500,2012,160065
890,27860,2012,124292
891,28020,2012,255353
892,29340,2012,201110
893,33660,2012,430962
894,33740,2012,205151
895,36980,2012,115972
896,38300,2012,2360443
897,39300,2012,1605741
898,39900,2012,431208
899,41740,2012,3174335
900,42540,2012,563704
901,42700,2012,98222
902,46060,2012,993052
903,46220,2012,242328
904,46300,2012,101128
905,47300,2012,449779
906,11020,2012,126544
907,12260,2012,576206
908,12580,2012,2754637
909,13220,2012,125110
910,17300,2012,287393
911,18580,2012,413199
912,19140,2012,142259
913,19180,2012,80862
914,19780,2012,626778
915,20940,2012,176575
916,22140,2012,129756
917,25220,2012,123646
918,26380,2012,208885
919,28740,2012,181538
920,29700,2012,260595
921,30860,2012,128693
922,31020,2012,101663
923,31460,2012,151527
924,31700,2012,404344
925,37620,2012,92390
926,48060,2012,120235
927,48540,2012,146527
928,13020,2012,106967
929,13140,2012,389614
930,13740,2012,170942
931,16580,2012,221131
932,22380,2012,136146
933,24300,2012,147317
934,25980,2012,80406
935,27180,2012,179857
936,30700,2012,310328
937,31180,2012,297793
938,31740,2012,137731
939,33700,2012,520424
940,33860,2012,374872
941,34820,2012,393299
942,38220,2012,97423
943,38540,2012,91585
944,38860,2012,517632
945,38940,2012,431912
946,40140,2012,4334716
947,40220,2012,310479
948,41540,2012,381216
949,41620,2012,1123748
950,43420,2012,132017
951,44420,2012,118463
952,45500,2012,149609
953,46140,2012,952484
954,47020,2012,96447
955,47940,2012,168811
956,10780,2012,154400
957,11700,2012,430945
958,12100,2012,274629
959,14540,2012,162450
960,16540,2012,151482
961,19740,2012,2650274
962,22020,2012,217610
963,23060,2012,394225
964,23460,2012,104278
965,29100,2012,135307
966,29180,2012,474205
967,29420,2012,203347
968,30300,2012,61413
969,33220,2012,83721
970,34060,2012,134813
971,35840,2012,720281
972,36420,2012,1297857
973,43100,2012,114767
974,43300,2012,121854
975,46660,2012,144121
976,14460,2012,4656593
977,15380,2012,1134619
978,16060,2012,138698
979,16220,2012,78565
980,16620,2012,276704
981,16820,2012,205532
982,17420,2012,117673
983,17780,2012,234148
984,19430,2012,801603
985,22520,2012,147232
986,23420,2012,945045
987,23540,2012,308240
988,24580,2012,310605
989,25180,2012,273429
990,31420,2012,232734
991,33100,2012,5745743
992,33260,2012,152312
993,37860,2012,461613
994,38900,2012,2288465
995,42340,2012,361745
996,44140,2012,699061
997,44220,2012,137171
998,45220,2012,375272
999,47380,2012,256938
1000,47460,2012,59329
1001,49180,2012,646794
1002,10180,2012,167442
1003,10580,2012,874698
1004,12220,2012,148567
1005,11500,2012,117190
1006,14500,2012,304570
1007,14740,2012,254339
1008,17820,2012,669448
1009,19460,2012,153908
1010,19820,2012,4300864
1011,20260,2012,290176
1012,21660,2012,355075
1013,24020,2012,128420
1014,28940,2012,825007
1015,29540,2012,526878
1016,32780,2012,205852
1017,32820,2012,1331396
1018,33540,2012,111042
1019,34620,2012,117027
1020,34900,2012,138538
1021,39150,2012,211990
1022,40060,2012,1211015
1023,40420,2012,345819
1024,43620,2012,237032
1025,44300,2012,155826
1026,44940,2012,142126
1027,45820,2012,234407
1028,46520,2012,977994
1029,47260,2012,1734121
1030,47900,2012,5878942
1031,48900,2012,262759
1032,49020,2012,130910
1033,10420,2012,702109
1034,10740,2012,901939
1035,14100,2012,85472
1036,16740,2012,2318671
1037,16940,2012,94697
1038,17860,2012,196540
1039,18880,2012,246952
1040,25260,2012,150991
1041,25540,2012,1215307
1042,26980,2012,159006
1043,27780,2012,141536
1044,28140,2012,2038586
1045,29020,2012,82839
1046,29460,2012,615453
1047,29940,2012,113313
1048,30140,2012,135545
1049,30620,2012,105244
1050,31140,2012,1220183
1051,35300,2012,864566
1052,36220,2012,144495
1053,39580,2012,1187848
1054,39740,2012,413518
1055,44060,2012,518930
1056,46340,2012,214811
1057,48140,2012,162870
1058,15980,2012,644197
1059,16700,2012,696839
1060,20500,2012,581735
1061,22500,2012,206041
1062,24540,2012,264131
1063,27740,2012,200473
1064,28700,2012,308623
1065,33140,2012,111304
1066,33780,2012,150804
1067,35380,2012,1226887
1068,35660,2012,156621
1069,35980,2012,274091
1070,36100,2012,333873
1071,36500,2012,258527
1072,36540,2012,884555
1073,36780,2012,168525
1074,41660,2012,116071
1075,45460,2012,189555
1076,46540,2012,297992
1077,48300,2012,112669
1078,49620,2012,437466
1079,12540,2012,853606
1080,15680,2012,108800
1081,16180,2012,54312
1082,16300,2012,261916
1083,17020,2012,220869
1084,19060,2012,101833
1085,21820,2012,100311
1086,25420,2012,555057
1087,25620,2012,165994
1088,28420,2012,268071
1089,34580,2012,117714
1090,34940,2012,332233
1091,39100,2012,670722
1092,40380,2012,1081508
1093,41180,2012,2796682
1094,41420,2012,396076
1095,42220,2012,489993
1096,45780,2012,648750
1097,49420,2012,246127
1098,49740,2012,202475
1099,10540,2012,118273
1100,12420,2012,1834586
1101,13460,2012,161359
1102,13980,2012,164120
1103,15260,2012,113281
1104,16020,2012,97210
1105,17460,2012,2064776
1106,17900,2012,783250
1107,18140,2012,1947208
1108,19300,2012,190145
1109,22180,2012,502672
1110,22660,2012,310842
1111,24220,2012,99093
1112,25060,2012,396803
1113,26820,2012,136165
1114,27900,2012,174407
1115,29200,2012,216449
1116,30340,2012,107486
1117,31540,2012,619719
1118,32900,2012,260867
1119,35620,2012,19149689
1120,36260,2012,612185
1121,37460,2012,171757
1122,39340,2012,549980
1123,39540,2012,194594
1124,42680,2012,140473
1125,48660,2012,151040
1126,49700,2012,166963
1127,11100,2012,257802
1128,11460,2012,352303
1129,13900,2012,115679
1130,15180,2012,415877
1131,15500,2012,153265
1132,16860,2012,538103
1133,17140,2012,2152554
1134,18700,2012,86678
1135,19100,2012,6644559
1136,19500,2012,110134
1137,20700,2012,168628
1138,21060,2012,151501
1139,22900,2012,249491
1140,23900,2012,101254
1141,24860,2012,840903
1142,29740,2012,214450
1143,31900,2012,122633
1144,34740,2012,170159
1145,36740,2012,2225636
1146,37980,2012,6016616
1147,38340,2012,130284
1148,41700,2012,2236981
1149,42100,2012,266340
1150,44180,2012,444329
1151,44700,2012,699593
1152,11540,2013,229978
1153,12020,2013,197590
1154,14010,2013,175037
1155,15540,2013,214827
1156,19660,2013,600236
1157,20100,2013,169038
1158,20740,2013,164822
1159,24260,2013,74652
1160,24420,2013,83131
1161,24500,2013,82194
1162,26420,2013,6328208
1163,26900,2013,1953600
1164,27060,2013,103553
1165,27140,2013,596325
1166,28100,2013,112735
1167,28660,2013,423931
1168,32580,2013,818619
1169,33460,2013,3440782
1170,40980,2013,196794
1171,41140,2013,127635
1172,42140,2013,147465
1173,43900,2013,290414
1174,45060,2013,661773
1175,48700,2013,116598
1176,10900,2013,825731
1177,12940,2013,841986
1178,14860,2013,939924
1179,16980,2013,9550194
1180,21140,2013,200205
1181,21300,2013,88199
1182,21340,2013,834203
1183,21420,2013,62370
1184,21500,2013,280717
1185,24660,2013,740604
1186,25860,2013,363379
1187,27980,2013,161004
1188,30780,2013,723159
1189,34100,2013,137924
1190,35100,2013,127172
1191,37900,2013,418092
1192,40340,2013,211502
1193,40660,2013,95880
1194,40900,2013,2210512
1195,41100,2013,146987
1196,41500,2013,426712
1197,42020,2013,275696
1198,42660,2013,3612347
1199,43580,2013,143623
1200,11180,2013,120161
1201,10500,2013,152667
1202,12620,2013,153222
1203,13780,2013,248017
1204,20020,2013,147449
1205,21780,2013,314331
1206,26300,2013,97654
1207,27620,2013,150669
1208,30980,2013,282589
1209,31080,2013,13097434
1210,31860,2013,97718
1211,37100,2013,838136
1212,39660,2013,132320
1213,39820,2013,178397
1214,41940,2013,1923664
1215,43340,2013,406237
1216,44100,2013,211713
1217,49340,2013,928346
1218,12060,2013,5510530
1219,14020,2013,163221
1220,15940,2013,403365
1221,17980,2013,327844
1222,22420,2013,415639
1223,24780,2013,174380
1224,27100,2013,159628
1225,27340,2013,192354
1226,30020,2013,131113
1227,30460,2013,490906
1228,34980,2013,1735012
1229,37340,2013,550255
1230,38060,2013,4403121
1231,39380,2013,161033
1232,40580,2013,149843
1233,41860,2013,4519636
1234,42200,2013,434601
1235,45940,2013,369429
1236,47580,2013,174689
1237,48620,2013,630365
1238,12980,2013,134751
1239,13380,2013,206073
1240,13820,2013,1072882
1241,14260,2013,649224
1242,18020,2013,79655
1243,20220,2013,95945
1244,25500,2013,128956
1245,25940,2013,197292
1246,26580,2013,370179
1247,26620,2013,435541
1248,29620,2013,538089
1249,29820,2013,2017193
1250,31340,2013,256832
1251,33340,2013,1571732
1252,36140,2013,95498
1253,39460,2013,164671
1254,41060,2013,191552
1255,43780,2013,318639
1256,45300,2013,2880536
1257,45540,2013,106898
1258,46700,2013,423659
1259,47220,2013,156098
1260,48260,2013,122139
1261,49660,2013,555850
1262,11260,2013,397022
1263,12700,2013,214518
1264,17660,2013,143897
1265,19340,2013,383843
1266,22220,2013,471140
1267,22540,2013,101787
1268,23580,2013,186431
1269,24140,2013,124587
1270,24340,2013,1025473
1271,26140,2013,138829
1272,27260,2013,1393432
1273,27500,2013,160341
1274,27860,2013,125840
1275,28020,2013,257311
1276,29340,2013,202205
1277,33660,2013,430815
1278,33740,2013,205454
1279,36980,2013,116373
1280,38300,2013,2359803
1281,39300,2013,1607460
1282,39900,2013,434878
1283,41740,2013,3209768
1284,42540,2013,561495
1285,42700,2013,98077
1286,46060,2013,997127
1287,46220,2013,244378
1288,46300,2013,102662
1289,47300,2013,452460
1290,11020,2013,125836
1291,12260,2013,579802
1292,12580,2013,2768233
1293,13220,2013,124356
1294,17300,2013,285441
1295,18580,2013,419080
1296,19140,2013,141906
1297,19180,2013,80585
1298,19780,2013,637846
1299,20940,2013,176438
1300,22140,2013,129467
1301,25220,2013,125520
1302,26380,2013,209983
1303,28740,2013,180698
1304,29700,2013,264430
1305,30860,2013,129827
1306,31020,2013,101483
1307,31460,2013,151370
1308,31700,2013,405281
1309,37620,2013,92360
1310,48060,2013,118490
1311,48540,2013,145938
1312,13020,2013,106794
1313,13140,2013,391195
1314,13740,2013,173367
1315,16580,2013,222854
1316,22380,2013,136699
1317,24300,2013,147175
1318,25980,2013,78825
1319,27180,2013,179836
1320,30700,2013,314103
1321,31180,2013,301167
1322,31740,2013,136294
1323,33700,2013,523451
1324,33860,2013,374114
1325,34820,2013,403705
1326,38220,2013,95769
1327,38540,2013,91246
1328,38860,2013,519987
1329,38940,2013,436425
1330,40140,2013,4369493
1331,40220,2013,311878
1332,41540,2013,384567
1333,41620,2013,1140025
1334,43420,2013,129578
1335,44420,2013,119110
1336,45500,2013,149509
1337,46140,2013,961904
1338,47020,2013,97518
1339,47940,2013,169853
1340,10780,2013,154623
1341,11700,2013,435795
1342,12100,2013,274314
1343,14540,2013,164653
1344,16540,2013,151945
1345,19740,2013,2700529
1346,22020,2013,223360
1347,23060,2013,396638
1348,23460,2013,103884
1349,29100,2013,135655
1350,29180,2013,479794
1351,29420,2013,203126
1352,30300,2013,61927
1353,33220,2013,83651
1354,34060,2013,135948
1355,35840,2013,731796
1356,36420,2013,1320148
1357,43100,2013,114697
1358,43300,2013,122362
1359,46660,2013,142937
1360,14460,2013,4702877
1361,15380,2013,1134974
1362,16060,2013,140077
1363,16220,2013,81103
1364,16620,2013,275412
1365,16820,2013,206755
1366,17420,2013,118410
1367,17780,2013,237816
1368,19430,2013,801390
1369,22520,2013,147230
1370,23420,2013,951514
1371,23540,2013,308865
1372,24580,2013,311947
1373,25180,2013,274926
1374,31420,2013,231225
1375,33100,2013,5822754
1376,33260,2013,157628
1377,37860,2013,467086
1378,38900,2013,2311015
1379,42340,2013,365103
1380,44140,2013,699964
1381,44220,2013,136638
1382,45220,2013,373187
1383,47380,2013,258685
1384,47460,2013,59361
1385,49180,2013,649901
1386,10180,2013,167473
1387,10580,2013,877065
1388,12220,2013,151809
1389,11500,2013,116471
1390,14500,2013,309323
1391,14740,2013,252401
1392,17820,2013,678565
1393,19460,2013,153146
1394,19820,2013,4305587
1395,20260,2013,290193
1396,21660,2013,355481
1397,24020,2013,127848
1398,28940,2013,829017
1399,29540,2013,530012
1400,32780,2013,207179
1401,32820,2013,1332114
1402,33540,2013,111900
1403,34620,2013,116831
1404,34900,2013,139580
1405,39150,2013,214421
1406,40060,2013,1222549
1407,40420,2013,344692
1408,43620,2013,241772
1409,44300,2013,158231
1410,44940,2013,142007
1411,45820,2013,233838
1412,46520,2013,986059
1413,47260,2013,1741366
1414,47900,2013,5963312
1415,48900,2013,267700
1416,49020,2013,132278
1417,10420,2013,703621
1418,10740,2013,904953
1419,14100,2013,85592
1420,16740,2013,2358660
1421,16940,2013,95707
1422,17860,2013,198824
1423,18880,2013,251881
1424,25260,2013,150337
1425,25540,2013,1214785
1426,26980,2013,162095
1427,27780,2013,138826
1428,28140,2013,2053850
1429,29020,2013,82738
1430,29460,2013,622633
1431,29940,2013,114713
1432,30140,2013,135804
1433,30620,2013,105055
1434,31140,2013,1232178
1435,35300,2013,862820
1436,36220,2013,149656
1437,39580,2013,1213499
1438,39740,2013,413915
1439,44060,2013,521603
1440,46340,2013,216475
1441,48140,2013,163189
1442,15980,2013,659834
1443,16700,2013,711272
1444,20500,2013,590364
1445,22500,2013,205986
1446,24540,2013,270165
1447,27740,2013,200470
1448,28700,2013,307811
1449,33140,2013,111423
1450,33780,2013,150139
1451,35380,2013,1239584
1452,35660,2013,156129
1453,35980,2013,272976
1454,36100,2013,335083
1455,36500,2013,261852
1456,36540,2013,893864
1457,36780,2013,169283
1458,41660,2013,117519
1459,45460,2013,189089
1460,46540,2013,297230
1461,48300,2013,113110
1462,49620,2013,438932
1463,12540,2013,862000
1464,15680,2013,109224
1465,16180,2013,53726
1466,16300,2013,262706
1467,17020,2013,221641
1468,19060,2013,101267
1469,21820,2013,100933
1470,25420,2013,558139
1471,25620,2013,166971
1472,28420,2013,270766
1473,34580,2013,118255
1474,34940,2013,338987
1475,39100,2013,670588
1476,40380,2013,1081736
1477,41180,2013,2799472
1478,41420,2013,398015
1479,42220,2013,494073
1480,45780,2013,648403
1481,49420,2013,246485
1482,49740,2013,202420
1483,10540,2013,118405
1484,12420,2013,1883315
1485,13460,2013,165299
1486,13980,2013,165240
1487,15260,2013,113781
1488,16020,2013,97177
1489,17460,2013,2067100
1490,17900,2013,790842
1491,18140,2013,1974061
1492,19300,2013,194885
1493,22180,2013,509180
1494,22660,2013,316225
1495,24220,2013,100741
1496,25060,2013,399940
1497,26820,2013,136840
1498,27900,2013,175144
1499,29200,2013,219183
1500,30340,2013,107223
1501,31540,2013,626833
1502,32900,2013,262026
1503,35620,2013,19226449
1504,36260,2013,621224
1505,37460,2013,174596
1506,39340,2013,561534
1507,39540,2013,194680
1508,42680,2013,141895
1509,48660,2013,151448
1510,49700,2013,167597
1511,11100,2013,258896
1512,11460,2013,356040
1513,13900,2013,119240
1514,15180,2013,417357
1515,15500,2013,154162
1516,16860,2013,542181
1517,17140,2013,2162060
1518,18700,2013,86167
1519,19100,2013,6753889
1520,19500,2013,109561
1521,20700,2013,167355
1522,21060,2013,152228
1523,22900,2013,248569
1524,23900,2013,101137
1525,24860,2013,848417
1526,29740,2013,214288
1527,31900,2013,122314
1528,34740,2013,172273
1529,36740,2013,2270149
1530,37980,2013,6030134
1531,38340,2013,129488
1532,41700,2013,2280002
1533,42100,2013,268816
1534,44180,2013,448427
1535,44700,2013,702046
1536,11540,2014,231627
1537,12020,2014,198361
1538,14010,2014,174105
1539,15540,2014,215676
1540,19660,2014,608604
1541,20100,2014,171456
1542,20740,2014,165023
1543,24260,2014,75240
1544,24420,2014,83377
1545,24500,2014,82056
1546,26420,2014,6500199
1547,26900,2014,1971006
1548,27060,2014,103391
1549,27140,2014,597357
1550,28100,2014,111883
1551,28660,2014,426421
1552,32580,2014,829819
1553,33460,2014,3476192
1554,40980,2014,195248
1555,41140,2014,127261
1556,42140,2014,147782
1557,43900,2014,292981
1558,45060,2014,660085
1559,48700,2014,116290
1560,10900,2014,828470
1561,12940,2014,846827
1562,14860,2014,944196
1563,16980,2014,9560430
1564,21140,2014,201423
1565,21300,2014,87177
1566,21340,2014,837089
1567,21420,2014,62790
1568,21500,2014,279423
1569,24660,2014,746497
1570,25860,2014,363035
1571,27980,2014,163036
1572,30780,2014,728190
1573,34100,2014,138280
1574,35100,2014,126778
1575,37900,2014,415479
1576,40340,2014,212659
1577,40660,2014,95868
1578,40900,2014,2235640
1579,41100,2014,151081
1580,41500,2014,428475
1581,42020,2014,278227
1582,42660,2014,3675160
1583,43580,2014,143590
1584,11180,2014,122092
1585,10500,2014,151949
1586,12620,2014,153201
1587,13780,2014,247075
1588,20020,2014,147830
1589,21780,2014,314859
1590,26300,2014,97758
1591,27620,2014,150727
1592,30980,2014,283219
1593,31080,2014,13166609
1594,31860,2014,98670
1595,37100,2014,842297
1596,39660,2014,134231
1597,39820,2014,178844
1598,41940,2014,1949578
1599,43340,2014,404534
1600,44100,2014,211692
1601,49340,2014,932278
1602,12060,2014,5593204
1603,14020,2014,164422
1604,15940,2014,403675
1605,17980,2014,325273
1606,22420,2014,412859
1607,24780,2014,174974
1608,27100,2014,159421
1609,27340,2014,191822
1610,30020,2014,130909
1611,30460,2014,495137
1612,34980,2014,1768350
1613,37340,2014,555548
1614,38060,2014,4488970
1615,39380,2014,161356
1616,40580,2014,149066
1617,41860,2014,4584981
1618,42200,2014,439045
1619,45940,2014,368909
1620,47580,2014,175717
1621,48620,2014,632810
1622,12980,2014,134804
1623,13380,2014,208154
1624,13820,2014,1076087
1625,14260,2014,662624
1626,18020,2014,80497
1627,20220,2014,96481
1628,25500,2014,130420
1629,25940,2014,201725
1630,26580,2014,368938
1631,26620,2014,440395
1632,29620,2014,540028
1633,29820,2014,2053134
1634,31340,2014,257953
1635,33340,2014,1575002
1636,36140,2014,94907
1637,39460,2014,168041
1638,41060,2014,193109
1639,43780,2014,319410
1640,45300,2014,2927395
1641,45540,2014,112236
1642,46700,2014,429006
1643,47220,2014,156009
1644,48260,2014,121507
1645,49660,2014,553039
1646,11260,2014,397996
1647,12700,2014,214289
1648,17660,2014,146529
1649,19340,2014,384070
1650,22220,2014,480513
1651,22540,2014,101977
1652,23580,2014,189142
1653,24140,2014,124586
1654,24340,2014,1036234
1655,26140,2014,138828
1656,27260,2014,1416446
1657,27500,2014,160920
1658,27860,2014,126813
1659,28020,2014,258951
1660,29340,2014,203296
1661,33660,2014,431017
1662,33740,2014,205570
1663,36980,2014,116529
1664,38300,2014,2356189
1665,39300,2014,1611026
1666,39900,2014,440110
1667,41740,2014,3248877
1668,42540,2014,560146
1669,42700,2014,98584
1670,46060,2014,1004229
1671,46220,2014,246988
1672,46300,2014,103912
1673,47300,2014,455138
1674,11020,2014,125274
1675,12260,2014,583046
1676,12580,2014,2780055
1677,13220,2014,123342
1678,17300,2014,289628
1679,18580,2014,423313
1680,19140,2014,142298
1681,19180,2014,79783
1682,19780,2014,649652
1683,20940,2014,177974
1684,22140,2014,129084
1685,25220,2014,127010
1686,26380,2014,211368
1687,28740,2014,180400
1688,29700,2014,267465
1689,30860,2014,130804
1690,31020,2014,101790
1691,31460,2014,153456
1692,31700,2014,407275
1693,37620,2014,92259
1694,48060,2014,117971
1695,48540,2014,144968
1696,13020,2014,106046
1697,13140,2014,391651
1698,13740,2014,174952
1699,16580,2014,224351
1700,22380,2014,137566
1701,24300,2014,147113
1702,25980,2014,81120
1703,27180,2014,179358
1704,30700,2014,319634
1705,31180,2014,306056
1706,31740,2014,135665
1707,33700,2014,528015
1708,33860,2014,373476
1709,34820,2014,416065
1710,38220,2014,94882
1711,38540,2014,91265
1712,38860,2014,523989
1713,38940,2014,443164
1714,40140,2014,4415343
1715,40220,2014,312747
1716,41540,2014,388766
1717,41620,2014,1151447
1718,43420,2014,127314
1719,44420,2014,119469
1720,45500,2014,149229
1721,46140,2014,969421
1722,47020,2014,98548
1723,47940,2014,170450
1724,10780,2014,154558
1725,11700,2014,439661
1726,12100,2014,272578
1727,14540,2014,166630
1728,16540,2014,152607
1729,19740,2014,2753973
1730,22020,2014,227790
1731,23060,2014,398591
1732,23460,2014,103399
1733,29100,2014,136140
1734,29180,2014,484876
1735,29420,2014,203423
1736,30300,2014,62031
1737,33220,2014,83492
1738,34060,2014,137396
1739,35840,2014,747228
1740,36420,2014,1336256
1741,43100,2014,114982
1742,43300,2014,123599
1743,46660,2014,143433
1744,14460,2014,4746931
1745,15380,2014,1135060
1746,16060,2014,139658
1747,16220,2014,81377
1748,16620,2014,273606
1749,16820,2014,209187
1750,17420,2014,119455
1751,17780,2014,242830
1752,19430,2014,801017
1753,22520,2014,147462
1754,23420,2014,960567
1755,23540,2014,311743
1756,24580,2014,314003
1757,25180,2014,276755
1758,31420,2014,230441
1759,33100,2014,5893858
1760,33260,2014,162187
1761,37860,2014,470628
1762,38900,2014,2343994
1763,42340,2014,371275
1764,44140,2014,701671
1765,44220,2014,136311
1766,45220,2014,375356
1767,47380,2014,260376
1768,47460,2014,59510
1769,49180,2014,653250
1770,10180,2014,168342
1771,10580,2014,878113
1772,12220,2014,154511
1773,11500,2014,115917
1774,14500,2014,312233
1775,14740,2014,253387
1776,17820,2014,686562
1777,19460,2014,152888
1778,19820,2014,4311194
1779,20260,2014,290261
1780,21660,2014,358027
1781,24020,2014,127341
1782,28940,2014,832928
1783,29540,2014,533289
1784,32780,2014,209189
1785,32820,2014,1333432
1786,33540,2014,112801
1787,34620,2014,116487
1788,34900,2014,140405
1789,39150,2014,217716
1790,40060,2014,1235006
1791,40420,2014,342409
1792,43620,2014,246133
1793,44300,2014,159653
1794,44940,2014,141877
1795,45820,2014,233717
1796,46520,2014,987414
1797,47260,2014,1750937
1798,47900,2014,6031945
1799,48900,2014,271863
1800,49020,2014,133526
1801,10420,2014,704908
1802,10740,2014,904538
1803,14100,2014,85538
1804,16740,2014,2400483
1805,16940,2014,96036
1806,17860,2014,200492
1807,18880,2014,255801
1808,25260,2014,149495
1809,25540,2014,1213886
1810,26980,2014,164759
1811,27780,2014,137537
1812,28140,2014,2069182
1813,29020,2014,82605
1814,29460,2014,634398
1815,29940,2014,116445
1816,30140,2014,136538
1817,30620,2014,104848
1818,31140,2014,1239354
1819,35300,2014,862885
1820,36220,2014,154588
1821,39580,2014,1241189
1822,39740,2014,414559
1823,44060,2014,526336
1824,46340,2014,219642
1825,48140,2014,163241
1826,15980,2014,677232
1827,16700,2014,726836
1828,20500,2014,599236
1829,22500,2014,206426
1830,24540,2014,277112
1831,27740,2014,200021
1832,28700,2014,307198
1833,33140,2014,111735
1834,33780,2014,149847
1835,35380,2014,1248905
1836,35660,2014,155977
1837,35980,2014,271462
1838,36100,2014,338005
1839,36500,2014,264909
1840,36540,2014,903335
1841,36780,2014,169324
1842,41660,2014,119233
1843,45460,2014,188240
1844,46540,2014,295982
1845,48300,2014,113894
1846,49620,2014,440475
1847,12540,2014,869176
1848,15680,2014,109913
1849,16180,2014,54082
1850,16300,2014,264300
1851,17020,2014,223516
1852,19060,2014,100587
1853,21820,2014,99254
1854,25420,2014,561164
1855,25620,2014,167179
1856,28420,2014,274154
1857,34580,2014,119966
1858,34940,2014,347211
1859,39100,2014,669972
1860,40380,2014,1080094
1861,41180,2014,2803430
1862,41420,2014,402092
1863,42220,2014,498560
1864,45780,2014,647228
1865,49420,2014,246870
1866,49740,2014,204054
1867,10540,2014,119042
1868,12420,2014,1942467
1869,13460,2014,169512
1870,13980,2014,165688
1871,15260,2014,114607
1872,16020,2014,97405
1873,17460,2014,2067356
1874,17900,2014,798882
1875,18140,2014,2001635
1876,19300,2014,199183
1877,22180,2014,510635
1878,22660,2014,324008
1879,24220,2014,101260
1880,25060,2014,403841
1881,26820,2014,137838
1882,27900,2014,175869
1883,29200,2014,221445
1884,30340,2014,107358
1885,31540,2014,633369
1886,32900,2014,264419
1887,35620,2014,19280929
1888,36260,2014,630767
1889,37460,2014,178289
1890,39340,2014,571059
1891,39540,2014,194786
1892,42680,2014,144445
1893,48660,2014,151867
1894,49700,2014,168311
1895,11100,2014,260812
1896,11460,2014,360021
1897,13900,2014,122155
1898,15180,2014,419005
1899,15500,2014,155384
1900,16860,2014,544183
1901,17140,2014,2172190
1902,18700,2014,87215
1903,19100,2014,6889769
1904,19500,2014,108515
1905,20700,2014,167285
1906,21060,2014,151675
1907,22900,2014,248220
1908,23900,2014,101353
1909,24860,2014,860285
1910,29740,2014,213933
1911,31900,2014,121999
1912,34740,2014,172254
1913,36740,2014,2324391
1914,37980,2014,6046382
1915,38340,2014,128856
1916,41700,2014,2328894
1917,42100,2014,270861
1918,44180,2014,451556
1919,44700,2014,711579
1920,11540,2015,233146
1921,12020,2015,202565
1922,14010,2015,173141
1923,15540,2015,217152
1924,19660,2015,621166
1925,20100,2015,173128
1926,20740,2015,165501
1927,24260,2015,75319
1928,24420,2015,84528
1929,24500,2015,81878
1930,26420,2015,6671808
1931,26900,2015,1986119
1932,27060,2015,103006
1933,27140,2015,597928
1934,28100,2015,111750
1935,28660,2015,432583
1936,32580,2015,839667
1937,33460,2015,3503728
1938,40980,2015,193305
1939,41140,2015,126724
1940,42140,2015,148098
1941,43900,2015,296558
1942,45060,2015,657648
1943,48700,2015,115598
1944,10900,2015,830295
1945,12940,2015,851167
1946,14860,2015,944943
1947,16980,2015,9552554
1948,21140,2015,202995
1949,21300,2015,86705
1950,21340,2015,835439
1951,21420,2015,63248
1952,21500,2015,278174
1953,24660,2015,751285
1954,25860,2015,363346
1955,27980,2015,163904
1956,30780,2015,730889
1957,34100,2015,139212
1958,35100,2015,125371
1959,37900,2015,412856
1960,40340,2015,213933
1961,40660,2015,96186
1962,40900,2015,2263121
1963,41100,2015,154650
1964,41500,2015,430552
1965,42020,2015,280077
1966,42660,2015,3739654
1967,43580,2015,143736
1968,11180,2015,123079
1969,10500,2015,150387
1970,12620,2015,151929
1971,13780,2015,245283
1972,20020,2015,147992
1973,21780,2015,314983
1974,26300,2015,97814
1975,27620,2015,150928
1976,30980,2015,283767
1977,31080,2015,13234696
1978,31860,2015,99199
1979,37100,2015,845802
1980,39660,2015,134858
1981,39820,2015,178314
1982,41940,2015,1974501
1983,43340,2015,404000
1984,44100,2015,211254
1985,49340,2015,934604
1986,12060,2015,5686048
1987,14020,2015,165073
1988,15940,2015,402433
1989,17980,2015,322772
1990,22420,2015,410461
1991,24780,2015,176071
1992,27100,2015,159264
1993,27340,2015,193114
1994,30020,2015,130011
1995,30460,2015,501469
1996,34980,2015,1804671
1997,37340,2015,565746
1998,38060,2015,4578519
1999,39380,2015,163006
2000,40580,2015,147529
2001,41860,2015,4647924
2002,42200,2015,442229
2003,45940,2015,368124
2004,47580,2015,176293
2005,48620,2015,635551
2006,12980,2015,134327
2007,13380,2015,211836
2008,13820,2015,1079752
2009,14260,2015,674640
2010,18020,2015,81458
2011,20220,2015,96850
2012,25500,2015,131120
2013,25940,2015,207256
2014,26580,2015,367224
2015,26620,2015,444542
2016,29620,2015,541271
2017,29820,2015,2096717
2018,31340,2015,259447
2019,33340,2015,1576496
2020,36140,2015,94160
2021,39460,2015,172382
2022,41060,2015,195425
2023,43780,2015,319703
2024,45300,2015,2983928
2025,45540,2015,117076
2026,46700,2015,433409
2027,47220,2015,154712
2028,48260,2015,120665
2029,49660,2015,548798
2030,11260,2015,398609
2031,12700,2015,213877
2032,17660,2015,149367
2033,19340,2015,383381
2034,22220,2015,491730
2035,22540,2015,101955
2036,23580,2015,192245
2037,24140,2015,124342
2038,24340,2015,1044842
2039,26140,2015,140287
2040,27260,2015,1444638
2041,27500,2015,161006
2042,27860,2015,128459
2043,28020,2015,259676
2044,29340,2015,205275
2045,33660,2015,431294
2046,33740,2015,205668
2047,36980,2015,117521
2048,38300,2015,2347757
2049,39300,2015,1612928
2050,39900,2015,446329
2051,41740,2015,3280850
2052,42540,2015,557734
2053,42700,2015,100137
2054,46060,2015,1009103
2055,46220,2015,249066
2056,46300,2015,105216
2057,47300,2015,457161
2058,11020,2015,124596
2059,12260,2015,589574
2060,12580,2015,2790053
2061,13220,2015,122070
2062,17300,2015,292878
2063,18580,2015,427621
2064,19140,2015,143099
2065,19180,2015,79170
2066,19780,2015,659522
2067,20940,2015,178937
2068,22140,2015,128246
2069,25220,2015,128716
2070,26380,2015,212131
2071,28740,2015,179658
2072,29700,2015,269865
2073,30860,2015,132652
2074,31020,2015,102999
2075,31460,2015,153576
2076,31700,2015,408985
2077,37620,2015,92139
2078,48060,2015,116371
2079,48540,2015,144157
2080,13020,2015,105237
2081,13140,2015,394825
2082,13740,2015,176357
2083,16580,2015,225732
2084,22380,2015,138962
2085,24300,2015,148025
2086,25980,2015,79269
2087,27180,2015,178607
2088,30700,2015,323090
2089,31180,2015,310001
2090,31740,2015,136989
2091,33700,2015,533211
2092,33860,2015,373365
2093,34820,2015,431198
2094,38220,2015,94022
2095,38540,2015,91871
2096,38860,2015,525831
2097,38940,2015,452841
2098,40140,2015,4461227
2099,40220,2015,313152
2100,41540,2015,393526
2101,41620,2015,1164912
2102,43420,2015,126454
2103,44420,2015,120019
2104,45500,2015,149244
2105,46140,2015,980926
2106,47020,2015,99649
2107,47940,2015,170852
2108,10780,2015,154082
2109,11700,2015,444593
2110,12100,2015,270153
2111,14540,2015,169507
2112,16540,2015,153048
2113,19740,2015,2812896
2114,22020,2015,232891
2115,23060,2015,400806
2116,23460,2015,102998
2117,29100,2015,136385
2118,29180,2015,489507
2119,29420,2015,204574
2120,30300,2015,62108
2121,33220,2015,83662
2122,34060,2015,138523
2123,35840,2015,767309
2124,36420,2015,1357178
2125,43100,2015,115196
2126,43300,2015,125628
2127,46660,2015,143311
2128,14460,2015,4778340
2129,15380,2015,1133002
2130,16060,2015,139419
2131,16220,2015,82137
2132,16620,2015,270858
2133,16820,2015,211494
2134,17420,2015,120543
2135,17780,2015,250567
2136,19430,2015,800124
2137,22520,2015,146876
2138,23420,2015,969488
2139,23540,2015,316031
2140,24580,2015,315652
2141,25180,2015,278236
2142,31420,2015,229795
2143,33100,2015,5969135
2144,33260,2015,167974
2145,37860,2015,475537
2146,38900,2015,2381660
2147,42340,2015,377827
2148,44140,2015,700688
2149,44220,2015,135746
2150,45220,2015,377602
2151,47380,2015,262660
2152,47460,2015,59932
2153,49180,2015,656277
2154,10180,2015,169688
2155,10580,2015,879085
2156,12220,2015,156954
2157,11500,2015,115469
2158,14500,2015,318027
2159,14740,2015,259232
2160,17820,2015,697389
2161,19460,2015,152392
2162,19820,2015,4309673
2163,20260,2015,289741
2164,21660,2015,361946
2165,24020,2015,126666
2166,28940,2015,837818
2167,29540,2015,535811
2168,32780,2015,211403
2169,32820,2015,1334790
2170,33540,2015,114122
2171,34620,2015,115767
2172,34900,2015,140862
2173,39150,2015,220805
2174,40060,2015,1246665
2175,40420,2015,340727
2176,43620,2015,250012
2177,44300,2015,160466
2178,44940,2015,141180
2179,45820,2015,233520
2180,46520,2015,991064
2181,47260,2015,1756340
2182,47900,2015,6093950
2183,48900,2015,276848
2184,49020,2015,134284
2185,10420,2015,704382
2186,10740,2015,906026
2187,14100,2015,84980
2188,16740,2015,2447898
2189,16940,2015,96969
2190,17860,2015,202152
2191,18880,2015,260814
2192,25260,2015,150085
2193,25540,2015,1211748
2194,26980,2015,167088
2195,27780,2015,136028
2196,28140,2015,2085913
2197,29020,2015,82338
2198,29460,2015,648523
2199,29940,2015,118141
2200,30140,2015,137479
2201,30620,2015,104095
2202,31140,2015,1246231
2203,35300,2015,860186
2204,36220,2015,159903
2205,39580,2015,1271091
2206,39740,2015,415138
2207,44060,2015,532163
2208,46340,2015,222390
2209,48140,2015,163181
2210,15980,2015,699644
2211,16700,2015,745185
2212,20500,2015,607706
2213,22500,2015,206235
2214,24540,2015,285819
2215,27740,2015,200331
2216,28700,2015,306279
2217,33140,2015,110835
2218,33780,2015,149353
2219,35380,2015,1260281
2220,35660,2015,155022
2221,35980,2015,269636
2222,36100,2015,342182
2223,36500,2015,267978
2224,36540,2015,913073
2225,36780,2015,169246
2226,41660,2015,120390
2227,45460,2015,187365
2228,46540,2015,293916
2229,48300,2015,115586
2230,49620,2015,441741
2231,12540,2015,876031
2232,15680,2015,110985
2233,16180,2015,54068
2234,16300,2015,266312
2235,17020,2015,224631
2236,19060,2015,99879
2237,21820,2015,99636
2238,25420,2015,564678
2239,25620,2015,167873
2240,28420,2015,278945
2241,34580,2015,121559
2242,34940,2015,356041
2243,39100,2015,669842
2244,40380,2015,1077092
2245,41180,2015,2807503
2246,41420,2015,408022
2247,42220,2015,500863
2248,45780,2015,645973
2249,49420,2015,247800
2250,49740,2015,205186
2251,10540,2015,120236
2252,12420,2015,2002134
2253,13460,2015,174246
2254,13980,2015,165725
2255,15260,2015,115779
2256,16020,2015,97316
2257,17460,2015,2064012
2258,17900,2015,809136
2259,18140,2015,2027568
2260,19300,2015,202939
2261,22180,2015,511976
2262,22660,2015,333303
2263,24220,2015,101849
2264,25060,2015,406604
2265,26820,2015,139542
2266,27900,2015,176686
2267,29200,2015,223573
2268,30340,2015,107124
2269,31540,2015,640198
2270,32900,2015,266353
2271,35620,2015,19320968
2272,36260,2015,640334
2273,37460,2015,181488
2274,39340,2015,583218
2275,39540,2015,194672
2276,42680,2015,147434
2277,48660,2015,150083
2278,49700,2015,169327
2279,11100,2015,261618
2280,11460,2015,362975
2281,13900,2015,125325
2282,15180,2015,419450
2283,15500,2015,157037
2284,16860,2015,547205
2285,17140,2015,2181427
2286,18700,2015,88333
2287,19100,2015,7042566
2288,19500,2015,107343
2289,20700,2015,166481
2290,21060,2015,148107
2291,22900,2015,248820
2292,23900,2015,101808
2293,24860,2015,872521
2294,29740,2015,214034
2295,31900,2015,121688
2296,34740,2015,172447
2297,36740,2015,2388509
2298,37980,2015,6056816
2299,38340,2015,127858
2300,41700,2015,2379232
2301,42100,2015,273503
2302,44180,2015,455593
2303,44700,2015,722271
2304,11540,2016,234200
2305,12020,2016,205402
2306,14010,2016,173070
2307,15540,2016,217447
2308,19660,2016,635859
2309,20100,2016,174542
2310,20740,2016,166430
2311,24260,2016,75598
2312,24420,2016,85504
2313,24500,2016,81562
2314,26420,2016,6806503
2315,26900,2016,2006760
2316,27060,2016,102942
2317,27140,2016,599170
2318,28100,2016,111080
2319,28660,2016,436421
2320,32580,2016,848960
2321,33460,2016,3538527
2322,40980,2016,192507
2323,41140,2016,126597
2324,42140,2016,148758
2325,43900,2016,300867
2326,45060,2016,654391
2327,48700,2016,114876
2328,10900,2016,833163
2329,12940,2016,856723
2330,14860,2016,944347
2331,16980,2016,9533662
2332,21140,2016,203642
2333,21300,2016,85644
2334,21340,2016,839203
2335,21420,2016,62493
2336,21500,2016,276170
2337,24660,2016,758635
2338,25860,2016,364798
2339,27980,2016,165350
2340,30780,2016,734166
2341,34100,2016,139924
2342,35100,2016,124985
2343,37900,2016,410754
2344,40340,2016,216163
2345,40660,2016,96698
2346,40900,2016,2291533
2347,41100,2016,159352
2348,41500,2016,433953
2349,42020,2016,281803
2350,42660,2016,3816355
2351,43580,2016,143844
2352,11180,2016,123309
2353,10500,2016,149137
2354,12620,2016,151333
2355,13780,2016,243322
2356,20020,2016,147784
2357,21780,2016,315283
2358,26300,2016,98282
2359,27620,2016,151375
2360,30980,2016,283641
2361,31080,2016,13270694
2362,31860,2016,100075
2363,37100,2016,847323
2364,39660,2016,136450
2365,39820,2016,178571
2366,41940,2016,1987593
2367,43340,2016,401947
2368,44100,2016,210424
2369,49340,2016,936422
2370,12060,2016,5787965
2371,14020,2016,166655
2372,15940,2016,401068
2373,17980,2016,319040
2374,22420,2016,408926
2375,24780,2016,177171
2376,27100,2016,158277
2377,27340,2016,192314
2378,30020,2016,127676
2379,30460,2016,507387
2380,34980,2016,1841294
2381,37340,2016,576874
2382,38060,2016,4673336
2383,39380,2016,164774
2384,40580,2016,147236
2385,41860,2016,4688198
2386,42200,2016,444340
2387,45940,2016,367699
2388,47580,2016,178507
2389,48620,2016,637653
2390,12980,2016,134344
2391,13380,2016,216417
2392,13820,2016,1082877
2393,14260,2016,691285
2394,18020,2016,82231
2395,20220,2016,96763
2396,25500,2016,132909
2397,25940,2016,211269
2398,26580,2016,365020
2399,26620,2016,449576
2400,29620,2016,545146
2401,29820,2016,2138836
2402,31340,2016,260537
2403,33340,2016,1576004
2404,36140,2016,93655
2405,39460,2016,177671
2406,41060,2016,196912
2407,43780,2016,321144
2408,45300,2016,3048963
2409,45540,2016,122009
2410,46700,2016,438858
2411,47220,2016,153233
2412,48260,2016,119269
2413,49660,2016,544582
2414,11260,2016,401368
2415,12700,2016,213559
2416,17660,2016,153019
2417,19340,2016,382178
2418,22220,2016,503806
2419,22540,2016,102211
2420,23580,2016,196159
2421,24140,2016,124269
2422,24340,2016,1054710
2423,26140,2016,142804
2424,27260,2016,1476023
2425,27500,2016,161320
2426,27860,2016,129906
2427,28020,2016,261304
2428,29340,2016,207464
2429,33660,2016,431566
2430,33740,2016,205319
2431,36980,2016,118092
2432,38300,2016,2340222
2433,39300,2016,1614840
2434,39900,2016,453709
2435,41740,2016,3306089
2436,42540,2016,555722
2437,42700,2016,102041
2438,46060,2016,1016707
2439,46220,2016,250099
2440,46300,2016,107252
2441,47300,2016,459235
2442,11020,2016,123708
2443,12260,2016,595029
2444,12580,2016,2794111
2445,13220,2016,120475
2446,17300,2016,293712
2447,18580,2016,428953
2448,19140,2016,143753
2449,19180,2016,78494
2450,19780,2016,671055
2451,20940,2016,180179
2452,22140,2016,127954
2453,25220,2016,130619
2454,26380,2016,211512
2455,28740,2016,179042
2456,29700,2016,272301
2457,30860,2016,135521
2458,31020,2016,104740
2459,31460,2016,153956
2460,31700,2016,411333
2461,37620,2016,91476
2462,48060,2016,112980
2463,48540,2016,142955
2464,13020,2016,104411
2465,13140,2016,396539
2466,13740,2016,177759
2467,16580,2016,226722
2468,22380,2016,140407
2469,24300,2016,149736
2470,25980,2016,79845
2471,27180,2016,178306
2472,30700,2016,327409
2473,31180,2016,313780
2474,31740,2016,134000
2475,33700,2016,539255
2476,33860,2016,373865
2477,34820,2016,447337
2478,38220,2016,92380
2479,38540,2016,92357
2480,38860,2016,528912
2481,38940,2016,463891
2482,40140,2016,4512041
2483,40220,2016,312647
2484,41540,2016,398676
2485,41620,2016,1184721
2486,43420,2016,125686
2487,44420,2016,120747
2488,45500,2016,149543
2489,46140,2016,988706
2490,47020,2016,99914
2491,47940,2016,170110
2492,10780,2016,154124
2493,11700,2016,450310
2494,12100,2016,267217
2495,14540,2016,171902
2496,16540,2016,153705
2497,19740,2016,2856755
2498,22020,2016,237244
2499,23060,2016,402887
2500,23460,2016,102855
2501,29100,2016,136384
2502,29180,2016,490877
2503,29420,2016,205412
2504,30300,2016,62422
2505,33220,2016,83422
2506,34060,2016,139403
2507,35840,2016,788341
2508,36420,2016,1372985
2509,43100,2016,115030
2510,43300,2016,128291
2511,46660,2016,144471
2512,14460,2016,4809061
2513,15380,2016,1130232
2514,16060,2016,138634
2515,16220,2016,80909
2516,16620,2016,268130
2517,16820,2016,213675
2518,17420,2016,121184
2519,17780,2016,254391
2520,19430,2016,801661
2521,22520,2016,146922
2522,23420,2016,976830
2523,23540,2016,321418
2524,24580,2016,317369
2525,25180,2016,280717
2526,31420,2016,229148
2527,33100,2016,6055686
2528,33260,2016,169466
2529,37860,2016,481367
2530,38900,2016,2426575
2531,42340,2016,383153
2532,44140,2016,699804
2533,44220,2016,134723
2534,45220,2016,378672
2535,47380,2016,264829
2536,47460,2016,60008
2537,49180,2016,661024
2538,10180,2016,170017
2539,10580,2016,879792
2540,12220,2016,159168
2541,11500,2016,114973
2542,14500,2016,321250
2543,14740,2016,263142
2544,17820,2016,712335
2545,19460,2016,152233
2546,19820,2016,4316260
2547,20260,2016,289395
2548,21660,2016,368874
2549,24020,2016,126233
2550,28940,2016,844942
2551,29540,2016,538160
2552,32780,2016,214366
2553,32820,2016,1336204
2554,33540,2016,116349
2555,34620,2016,115657
2556,34900,2016,140840
2557,39150,2016,224575
2558,40060,2016,1258471
2559,40420,2016,339635
2560,43620,2016,254602
2561,44300,2016,162034
2562,44940,2016,141334
2563,45820,2016,233139
2564,46520,2016,992268
2565,47260,2016,1758763
2566,47900,2016,6149301
2567,48900,2016,283580
2568,49020,2016,135739
2569,10420,2016,703524
2570,10740,2016,909237
2571,14100,2016,84390
2572,16740,2016,2499697
2573,16940,2016,97887
2574,17860,2016,204049
2575,18880,2016,265492
2576,25260,2016,149382
2577,25540,2016,1208595
2578,26980,2016,169054
2579,27780,2016,134414
2580,28140,2016,2107066
2581,29020,2016,82304
2582,29460,2016,665823
2583,29940,2016,119662
2584,30140,2016,138480
2585,30620,2016,103613
2586,31140,2016,1252525
2587,35300,2016,857901
2588,36220,2016,157858
2589,39580,2016,1303854
2590,39740,2016,415784
2591,44060,2016,541030
2592,46340,2016,225161
2593,48140,2016,162935
2594,15980,2016,722649
2595,16700,2016,761578
2596,20500,2016,618222
2597,22500,2016,205854
2598,24540,2016,295712
2599,27740,2016,201457
2600,28700,2016,306017
2601,33140,2016,110222
2602,33780,2016,149159
2603,35380,2016,1267613
2604,35660,2016,154325
2605,35980,2016,268403
2606,36100,2016,347469
2607,36500,2016,273714
2608,36540,2016,923431
2609,36780,2016,169629
2610,41660,2016,120535
2611,45460,2016,187241
2612,46540,2016,292811
2613,48300,2016,117221
2614,49620,2016,443693
2615,12540,2016,880856
2616,15680,2016,111750
2617,16180,2016,54147
2618,16300,2016,268224
2619,17020,2016,226231
2620,19060,2016,99428
2621,21820,2016,100633
2622,25420,2016,567510
2623,25620,2016,168158
2624,28420,2016,283693
2625,34580,2016,123603
2626,34940,2016,365445
2627,39100,2016,670828
2628,40380,2016,1074063
2629,41180,2016,2805502
2630,41420,2016,416818
2631,42220,2016,502547
2632,45780,2016,645441
2633,49420,2016,249327
2634,49740,2016,207247
2635,10540,2016,122769
2636,12420,2016,2062016
2637,13460,2016,180666
2638,13980,2016,166572
2639,15260,2016,116571
2640,16020,2016,97109
2641,17460,2016,2060997
2642,17900,2016,817188
2643,18140,2016,2052192
2644,19300,2016,207601
2645,22180,2016,516822
2646,22660,2016,338984
2647,24220,2016,102171
2648,25060,2016,408865
2649,26820,2016,142520
2650,27900,2016,177397
2651,29200,2016,227088
2652,30340,2016,107296
2653,31540,2016,648388
2654,32900,2016,267628
2655,35620,2016,19334778
2656,36260,2016,652476
2657,37460,2016,183634
2658,39340,2016,601304
2659,39540,2016,194846
2660,42680,2016,151159
2661,48660,2016,150327
2662,49700,2016,170694
2663,11100,2016,262987
2664,11460,2016,366135
2665,13900,2016,127233
2666,15180,2016,421350
2667,15500,2016,160283
2668,16860,2016,551859
2669,17140,2016,2191572
2670,18700,2016,89918
2671,19100,2016,7194758
2672,19500,2016,106383
2673,20700,2016,166220
2674,21060,2016,148941
2675,22900,2016,249170
2676,23900,2016,101911
2677,24860,2016,884327
2678,29740,2016,214663
2679,31900,2016,121242
2680,34740,2016,173227
2681,36740,2016,2455583
2682,37980,2016,6066661
2683,38340,2016,127067
2684,41700,2016,2426276
2685,42100,2016,274396
2686,44180,2016,457917
2687,44700,2016,732809
2688,11540,2017,235811
2689,12020,2017,209106
2690,14010,2017,172754
2691,15540,2017,218975
2692,19660,2017,647867
2693,20100,2017,176499
2694,20740,2017,167329
2695,24260,2017,75456
2696,24420,2017,86584
2697,24500,2017,81633
2698,26420,2017,6900090
2699,26900,2017,2027584
2700,27060,2017,102664
2701,27140,2017,599358
2702,28100,2017,110540
2703,28660,2017,442998
2704,32580,2017,856249
2705,33460,2017,3575699
2706,40980,2017,191965
2707,41140,2017,126323
2708,42140,2017,149491
2709,43900,2017,306740
2710,45060,2017,651164
2711,48700,2017,114012
2712,10900,2017,837921
2713,12940,2017,854295
2714,14860,2017,943038
2715,16980,2017,9514113
2716,21140,2017,204194
2717,21300,2017,84736
2718,21340,2017,842005
2719,21420,2017,61600
2720,21500,2017,273558
2721,24660,2017,762071
2722,25860,2017,367085
2723,27980,2017,166146
2724,30780,2017,737557
2725,34100,2017,140898
2726,35100,2017,124703
2727,37900,2017,406913
2728,40340,2017,217993
2729,40660,2017,97500
2730,40900,2017,2319572
2731,41100,2017,165929
2732,41500,2017,434534
2733,42020,2017,282481
2734,42660,2017,3885579
2735,43580,2017,143165
2736,11180,2017,123721
2737,10500,2017,148090
2738,12620,2017,151645
2739,13780,2017,241709
2740,20020,2017,147878
2741,21780,2017,314791
2742,26300,2017,98327
2743,27620,2017,151319
2744,30980,2017,284602
2745,31080,2017,13278000
2746,31860,2017,100968
2747,37100,2017,849044
2748,39660,2017,138444
2749,39820,2017,179384
2750,41940,2017,1992674
2751,43340,2017,400161
2752,44100,2017,209365
2753,49340,2017,942147
2754,12060,2017,5872432
2755,14020,2017,167429
2756,15940,2017,399327
2757,17980,2017,315942
2758,22420,2017,407488
2759,24780,2017,178607
2760,27100,2017,158563
2761,27340,2017,195066
2762,30020,2017,127649
2763,30460,2017,512381
2764,34980,2017,1874515
2765,37340,2017,587769
2766,38060,2017,4758748
2767,39380,2017,166283
2768,40580,2017,146775
2769,41860,2017,4712421
2770,42200,2017,445298
2771,45940,2017,368168
2772,47580,2017,180163
2773,48620,2017,637511
2774,12980,2017,134180
2775,13380,2017,221410
2776,13820,2017,1085615
2777,14260,2017,709682
2778,18020,2017,82213
2779,20220,2017,97066
2780,25500,2017,134041
2781,25940,2017,215019
2782,26580,2017,361970
2783,26620,2017,455892
2784,29620,2017,548380
2785,29820,2017,2181635
2786,31340,2017,261813
2787,33340,2017,1574444
2788,36140,2017,93129
2789,39460,2017,181522
2790,41060,2017,198436
2791,43780,2017,321538
2792,45300,2017,3106922
2793,45540,2017,124995
2794,46700,2017,443511
2795,47220,2017,151423
2796,48260,2017,118074
2797,49660,2017,541545
2798,11260,2017,400570
2799,12700,2017,213581
2800,17660,2017,157320
2801,19340,2017,381103
2802,22220,2017,515616
2803,22540,2017,102417
2804,23580,2017,198953
2805,24140,2017,123034
2806,24340,2017,1063670
2807,26140,2017,145415
2808,27260,2017,1505033
2809,27500,2017,162205
2810,27860,2017,131259
2811,28020,2017,262998
2812,29340,2017,209410
2813,33660,2017,430567
2814,33740,2017,203894
2815,36980,2017,118455
2816,38300,2017,2329004
2817,39300,2017,1616614
2818,39900,2017,460605
2819,41740,2017,3321237
2820,42540,2017,555655
2821,42700,2017,103852
2822,46060,2017,1026391
2823,46220,2017,250933
2824,46300,2017,109142
2825,47300,2017,462308
2826,11020,2017,123147
2827,12260,2017,600276
2828,12580,2017,2798707
2829,13220,2017,118673
2830,17300,2017,298635
2831,18580,2017,428445
2832,19140,2017,144037
2833,19180,2017,77689
2834,19780,2017,681413
2835,20940,2017,181649
2836,22140,2017,126917
2837,25220,2017,132353
2838,26380,2017,209946
2839,28740,2017,178635
2840,29700,2017,273691
2841,30860,2017,137703
2842,31020,2017,106805
2843,31460,2017,155423
2844,31700,2017,413204
2845,37620,2017,90846
2846,48060,2017,113157
2847,48540,2017,141255
2848,13020,2017,104045
2849,13140,2017,398129
2850,13740,2017,179365
2851,16580,2017,226847
2852,22380,2017,141001
2853,24300,2017,151170
2854,25980,2017,80399
2855,27180,2017,178336
2856,30700,2017,330975
2857,31180,2017,317094
2858,31740,2017,131667
2859,33700,2017,544717
2860,33860,2017,374174
2861,34820,2017,463514
2862,38220,2017,90875
2863,38540,2017,93088
2864,38860,2017,531899
2865,38940,2017,472864
2866,40140,2017,4565909
2867,40220,2017,312988
2868,41540,2017,404155
2869,41620,2017,1204205
2870,43420,2017,124864
2871,44420,2017,121744
2872,45500,2017,149567
2873,46140,2017,991330
2874,47020,2017,99597
2875,47940,2017,169359
2876,10780,2017,153549
2877,11700,2017,454855
2878,12100,2017,265498
2879,14540,2017,174981
2880,16540,2017,154376
2881,19740,2017,2891776
2882,22020,2017,241511
2883,23060,2017,405445
2884,23460,2017,103007
2885,29100,2017,136710
2886,29180,2017,490299
2887,29420,2017,207017
2888,30300,2017,62798
2889,33220,2017,83314
2890,34060,2017,139608
2891,35840,2017,805186
2892,36420,2017,1381492
2893,43100,2017,115089
2894,43300,2017,131152
2895,46660,2017,145360
2896,14460,2017,4841772
2897,15380,2017,1129882
2898,16060,2017,137352
2899,16220,2017,79586
2900,16620,2017,264227
2901,16820,2017,216104
2902,17420,2017,122180
2903,17780,2017,259123
2904,19430,2017,803233
2905,22520,2017,147259
2906,23420,2017,985238
2907,23540,2017,324485
2908,24580,2017,319694
2909,25180,2017,282958
2910,31420,2017,228985
2911,33100,2017,6118155
2912,33260,2017,170849
2913,37860,2017,487298
2914,38900,2017,2454815
2915,42340,2017,386394
2916,44140,2017,699387
2917,44220,2017,134549
2918,45220,2017,383173
2919,47380,2017,268971
2920,47460,2017,60512
2921,49180,2017,666640
2922,10180,2017,170429
2923,10580,2017,882158
2924,12220,2017,161440
2925,11500,2017,114710
2926,14500,2017,322441
2927,14740,2017,266289
2928,17820,2017,724773
2929,19460,2017,151981
2930,19820,2017,4321593
2931,20260,2017,289108
2932,21660,2017,375264
2933,24020,2017,125924
2934,28940,2017,853645
2935,29540,2017,541332
2936,32780,2017,216746
2937,32820,2017,1338582
2938,33540,2017,117834
2939,34620,2017,115246
2940,34900,2017,139878
2941,39150,2017,228082
2942,40060,2017,1269566
2943,40420,2017,338194
2944,43620,2017,260083
2945,44300,2017,162316
2946,44940,2017,140443
2947,45820,2017,232994
2948,46520,2017,986353
2949,47260,2017,1760926
2950,47900,2017,6211341
2951,48900,2017,289447
2952,49020,2017,138020
2953,10420,2017,703987
2954,10740,2017,912311
2955,14100,2017,83851
2956,16740,2017,2550373
2957,16940,2017,98377
2958,17860,2017,205725
2959,18880,2017,271499
2960,25260,2017,149665
2961,25540,2017,1207027
2962,26980,2017,171529
2963,27780,2017,132960
2964,28140,2017,2127203
2965,29020,2017,82210
2966,29460,2017,685368
2967,29940,2017,120281
2968,30140,2017,139553
2969,30620,2017,103093
2970,31140,2017,1259553
2971,35300,2017,857748
2972,36220,2017,156951
2973,39580,2017,1334235
2974,39740,2017,417511
2975,44060,2017,550259
2976,46340,2017,227195
2977,48140,2017,163203
2978,15980,2017,740000
2979,16700,2017,775537
2980,20500,2017,625678
2981,22500,2017,205476
2982,24540,2017,305885
2983,27740,2017,201909
2984,28700,2017,306496
2985,33140,2017,109842
2986,33780,2017,149449
2987,35380,2017,1270326
2988,35660,2017,154128
2989,35980,2017,267419
2990,36100,2017,353339
2991,36500,2017,280269
2992,36540,2017,931987
2993,36780,2017,170394
2994,41660,2017,120365
2995,45460,2017,186846
2996,46540,2017,292174
2997,48300,2017,118325
2998,49620,2017,445484
2999,12540,2017,887356
3000,15680,2017,112487
3001,16180,2017,54532
3002,16300,2017,270653
3003,17020,2017,228696
3004,19060,2017,98575
3005,21820,2017,99675
3006,25420,2017,570784
3007,25620,2017,167719
3008,28420,2017,290096
3009,34580,2017,125860
3010,34940,2017,372678
3011,39100,2017,673303
3012,40380,2017,1071962
3013,41180,2017,2805758
3014,41420,2017,424242
3015,42220,2017,502469
3016,45780,2017,644364
3017,49420,2017,249922
3018,49740,2017,209507
3019,10540,2017,125035
3020,12420,2017,2115475
3021,13460,2017,186744
3022,13980,2017,166605
3023,15260,2017,117587
3024,16020,2017,96819
3025,17460,2017,2057238
3026,17900,2017,824939
3027,18140,2017,2082581
3028,19300,2017,212521
3029,22180,2017,517527
3030,22660,2017,344084
3031,24220,2017,102126
3032,25060,2017,412754
3033,26820,2017,145512
3034,27900,2017,178239
3035,29200,2017,228101
3036,30340,2017,107399
3037,31540,2017,655250
3038,32900,2017,271096
3039,35620,2017,19322607
3040,36260,2017,664040
3041,37460,2017,184736
3042,39340,2017,618035
3043,39540,2017,195825
3044,42680,2017,154241
3045,48660,2017,150956
3046,49700,2017,172782
3047,11100,2017,264331
3048,11460,2017,368807
3049,13900,2017,128115
3050,15180,2017,422227
3051,15500,2017,163276
3052,16860,2017,555953
3053,17140,2017,2202558
3054,18700,2017,91790
3055,19100,2017,7337097
3056,19500,2017,105399
3057,20700,2017,167895
3058,21060,2017,150390
3059,22900,2017,250231
3060,23900,2017,102562
3061,24860,2017,895357
3062,29740,2017,216174
3063,31900,2017,120430
3064,34740,2017,173645
3065,36740,2017,2517777
3066,37980,2017,6078522
3067,38340,2017,126353
3068,41700,2017,2472121
3069,42100,2017,274856
3070,44180,2017,462090
3071,44700,2017,743296
3072,11540,2018,237011
3073,12020,2018,211468
3074,14010,2018,172410
3075,15540,2018,219939
3076,19660,2018,658186
3077,20100,2018,178540
3078,20740,2018,168464
3079,24260,2018,75476
3080,24420,2018,87150
3081,24500,2018,81688
3082,26420,2018,6976147
3083,26900,2018,2052368
3084,27060,2018,102419
3085,27140,2018,597376
3086,28100,2018,109953
3087,28660,2018,451272
3088,32580,2018,862298
3089,33460,2018,3610061
3090,40980,2018,190791
3091,41140,2018,125998
3092,42140,2018,149761
3093,43900,2018,314137
3094,45060,2018,650281
3095,48700,2018,113866
3096,10900,2018,842626
3097,12940,2018,854526
3098,14860,2018,943971
3099,16980,2018,9484158
3100,21140,2018,205617
3101,21300,2018,83935
3102,21340,2018,841613
3103,21420,2018,61095
3104,21500,2018,271544
3105,24660,2018,766473
3106,25860,2018,368449
3107,27980,2018,166972
3108,30780,2018,740081
3109,34100,2018,141778
3110,35100,2018,124584
3111,37900,2018,403328
3112,40340,2018,219814
3113,40660,2018,97964
3114,40900,2018,2341940
3115,41100,2018,171567
3116,41500,2018,433950
3117,42020,2018,283354
3118,42660,2018,3935179
3119,43580,2018,143787
3120,11180,2018,123093
3121,10500,2018,147840
3122,12620,2018,151817
3123,13780,2018,240366
3124,20020,2018,148249
3125,21780,2018,314660
3126,26300,2018,98966
3127,27620,2018,151512
3128,30980,2018,285315
3129,31080,2018,13249879
3130,31860,2018,101577
3131,37100,2018,848142
3132,39660,2018,140154
3133,39820,2018,179709
3134,41940,2018,1993804
3135,43340,2018,397281
3136,44100,2018,207928
3137,49340,2018,946113
3138,12060,2018,5945303
3139,14020,2018,168092
3140,15940,2018,398330
3141,17980,2018,318211
3142,22420,2018,406688
3143,24780,2018,179575
3144,27100,2018,158566
3145,27340,2018,196915
3146,30020,2018,126348
3147,30460,2018,514938
3148,34980,2018,1904726
3149,37340,2018,595203
3150,38060,2018,4849209
3151,39380,2018,167422
3152,40580,2018,146078
3153,41860,2018,4726314
3154,42200,2018,445780
3155,45940,2018,368188
3156,47580,2018,182886
3157,48620,2018,637519
3158,12980,2018,134049
3159,13380,2018,225197
3160,13820,2018,1087967
3161,14260,2018,728911
3162,18020,2018,82722
3163,20220,2018,96922
3164,25500,2018,134749
3165,25940,2018,218023
3166,26580,2018,359069
3167,26620,2018,463181
3168,29620,2018,548674
3169,29820,2018,2226115
3170,31340,2018,262893
3171,33340,2018,1573995
3172,36140,2018,92446
3173,39460,2018,184849
3174,41060,2018,200166
3175,43780,2018,322697
3176,45300,2018,3154649
3177,45540,2018,128719
3178,46700,2018,445725
3179,47220,2018,150635
3180,48260,2018,116982
3181,49660,2018,538226
3182,11260,2018,397636
3183,12700,2018,213471
3184,17660,2018,161209
3185,19340,2018,380044
3186,22220,2018,525239
3187,22540,2018,103001
3188,23580,2018,201538
3189,24140,2018,123237
3190,24340,2018,1071370
3191,26140,2018,147682
3192,27260,2018,1532663
3193,27500,2018,162874
3194,27860,2018,132719
3195,28020,2018,264680
3196,29340,2018,210190
3197,33660,2018,430310
3198,33740,2018,202138
3199,36980,2018,118879
3200,38300,2018,2322653
3201,39300,2018,1622379
3202,39900,2018,468335
3203,41740,2018,3333861
3204,42540,2018,555215
3205,42700,2018,104933
3206,46060,2018,1036554
3207,46220,2018,251257
3208,46300,2018,110095
3209,47300,2018,464589
3210,11020,2018,122503
3211,12260,2018,604221
3212,12580,2018,2800743
3213,13220,2018,117154
3214,17300,2018,304301
3215,18580,2018,428697
3216,19140,2018,144192
3217,19180,2018,76702
3218,19780,2018,690915
3219,20940,2018,181523
3220,22140,2018,125499
3221,25220,2018,133837
3222,26380,2018,209144
3223,28740,2018,178418
3224,29700,2018,275120
3225,30860,2018,140104
3226,31020,2018,108752
3227,31460,2018,156882
3228,31700,2018,414630
3229,37620,2018,89991
3230,48060,2018,111866
3231,48540,2018,140059
3232,13020,2018,103702
3233,13140,2018,393815
3234,13740,2018,180203
3235,16580,2018,226284
3236,22380,2018,142523
3237,24300,2018,152951
3238,25980,2018,79697
3239,27180,2018,178315
3240,30700,2018,333800
3241,31180,2018,319239
3242,31740,2018,131698
3243,33700,2018,548126
3244,33860,2018,373022
3245,34820,2018,480985
3246,38220,2018,89246
3247,38540,2018,94374
3248,38860,2018,535232
3249,38940,2018,481167
3250,40140,2018,4612542
3251,40220,2018,313033
3252,41540,2018,409999
3253,41620,2018,1218681
3254,43420,2018,126411
3255,44420,2018,122628
3256,45500,2018,149347
3257,46140,2018,993135
3258,47020,2018,99466
3259,47940,2018,168936
3260,10780,2018,152762
3261,11700,2018,459314
3262,12100,2018,263989
3263,14540,2018,176864
3264,16540,2018,154579
3265,19740,2018,2931665
3266,22020,2018,244311
3267,23060,2018,409126
3268,23460,2018,102611
3269,29100,2018,136613
3270,29180,2018,489680
3271,29420,2018,209292
3272,30300,2018,62872
3273,33220,2018,83223
3274,34060,2018,139204
3275,35840,2018,820716
3276,36420,2018,1393605
3277,43100,2018,115233
3278,43300,2018,133787
3279,46660,2018,146143
3280,14460,2018,4859536
3281,15380,2018,1129777
3282,16060,2018,136694
3283,16220,2018,79175
3284,16620,2018,260280
3285,16820,2018,217335
3286,17420,2018,123968
3287,17780,2018,261335
3288,19430,2018,805088
3289,22520,2018,147608
3290,23420,2018,991950
3291,23540,2018,327933
3292,24580,2018,321384
3293,25180,2018,285722
3294,31420,2018,229594
3295,33100,2018,6143837
3296,33260,2018,178186
3297,37860,2018,494399
3298,38900,2018,2473350
3299,42340,2018,389453
3300,44140,2018,700138
3301,44220,2018,134528
3302,45220,2018,384318
3303,47380,2018,271427
3304,47460,2018,60615
3305,49180,2018,671129
3306,10180,2018,171150
3307,10580,2018,882263
3308,12220,2018,163656
3309,11500,2018,114331
3310,14500,2018,324636
3311,14740,2018,269276
3312,17820,2018,737202
3313,19460,2018,152144
3314,19820,2018,4322084
3315,20260,2018,289260
3316,21660,2018,378549
3317,24020,2018,125489
3318,28940,2018,861234
3319,29540,2018,543969
3320,32780,2018,219411
3321,32820,2018,1342497
3322,33540,2018,118640
3323,34620,2018,114297
3324,34900,2018,138789
3325,39150,2018,231772
3326,40060,2018,1281053
3327,40420,2018,337110
3328,43620,2018,263810
3329,44300,2018,162601
3330,44940,2018,140151
3331,45820,2018,232266
3332,46520,2018,979858
3333,47260,2018,1763713
3334,47900,2018,6247841
3335,48900,2018,294273
3336,49020,2018,139492
3337,10420,2018,703855
3338,10740,2018,914947
3339,14100,2018,83455
3340,16740,2018,2592950
3341,16940,2018,98865
3342,17860,2018,206746
3343,18880,2018,277666
3344,25260,2018,151382
3345,25540,2018,1206139
3346,26980,2018,172607
3347,27780,2018,131449
3348,28140,2018,2144427
3349,29020,2018,82257
3350,29460,2018,706597
3351,29940,2018,121109
3352,30140,2018,141339
3353,30620,2018,102725
3354,31140,2018,1262023
3355,35300,2018,856971
3356,36220,2018,161960
3357,39580,2018,1361590
3358,39740,2018,420529
3359,44060,2018,558827
3360,46340,2018,229749
3361,48140,2018,163094
3362,15980,2018,754470
3363,16700,2018,788122
3364,20500,2018,637501
3365,22500,2018,205036
3366,24540,2018,314815
3367,27740,2018,202900
3368,28700,2018,306736
3369,33140,2018,109981
3370,33780,2018,150174
3371,35380,2018,1270133
3372,35660,2018,153790
3373,35980,2018,266285
3374,36100,2018,359062
3375,36500,2018,286056
3376,36540,2018,940970
3377,36780,2018,170878
3378,41660,2018,120834
3379,45460,2018,186726
3380,46540,2018,291187
3381,48300,2018,119501
3382,49620,2018,447847
3383,12540,2018,893758
3384,15680,2018,112720
3385,16180,2018,55202
3386,16300,2018,272061
3387,17020,2018,230339
3388,19060,2018,97894
3389,21820,2018,98565
3390,25420,2018,574149
3391,25620,2018,168292
3392,28420,2018,295289
3393,34580,2018,127835
3394,34940,2018,378201
3395,39100,2018,676065
3396,40380,2018,1071621
3397,41180,2018,2803958
3398,41420,2018,430404
3399,42220,2018,498643
3400,45780,2018,643089
3401,49420,2018,250562
3402,49740,2018,211612
3403,10540,2018,127451
3404,12420,2018,2165497
3405,13460,2018,191905
3406,13980,2018,167492
3407,15260,2018,118282
3408,16020,2018,96868
3409,17460,2018,2053795
3410,17900,2018,831690
3411,18140,2018,2104194
3412,19300,2018,217855
3413,22180,2018,522461
3414,22660,2018,350660
3415,24220,2018,101766
3416,25060,2018,414686
3417,26820,2018,148436
3418,27900,2018,178613
3419,29200,2018,230938
3420,30340,2018,107914
3421,31540,2018,659927
3422,32900,2018,274151
3423,35620,2018,19276644
3424,36260,2018,673660
3425,37460,2018,186240
3426,39340,2018,633149
3427,39540,2018,196357
3428,42680,2018,157187
3429,48660,2018,150955
3430,49700,2018,173905
3431,11100,2018,264406
3432,11460,2018,369483
3433,13900,2018,128279
3434,15180,2018,422139
3435,15500,2018,166514
3436,16860,2018,560832
3437,17140,2018,2211936
3438,18700,2018,92442
3439,19100,2018,7455756
3440,19500,2018,104504
3441,20700,2018,169294
3442,21060,2018,153201
3443,22900,2018,250298
3444,23900,2018,103062
3445,24860,2018,907028
3446,29740,2018,217278
3447,31900,2018,120987
3448,34740,2018,173599
3449,36740,2018,2574838
3450,37980,2018,6091208
3451,38340,2018,125901
3452,41700,2018,2512379
3453,42100,2018,273841
3454,44180,2018,466273
3455,44700,2018,752491
3456,11540,2019,237974
3457,12020,2019,213750
3458,14010,2019,171517
3459,15540,2019,220411
3460,19660,2019,668365
3461,20100,2019,180786
3462,20740,2019,169304
3463,24260,2019,75553
3464,24420,2019,87487
3465,24500,2019,81366
3466,26420,2019,7066141
3467,26900,2019,2074537
3468,27060,2019,102180
3469,27140,2019,594806
3470,28100,2019,109862
3471,28660,2019,460303
3472,32580,2019,868707
3473,33460,2019,3640043
3474,40980,2019,190539
3475,41140,2019,125223
3476,42140,2019,150358
3477,43900,2019,319785
3478,45060,2019,648593
3479,48700,2019,113299
3480,10900,2019,844052
3481,12940,2019,854884
3482,14860,2019,943332
3483,16980,2019,9458539
3484,21140,2019,206341
3485,21300,2019,83456
3486,21340,2019,844124
3487,21420,2019,61056
3488,21500,2019,269728
3489,24660,2019,771851
3490,25860,2019,369711
3491,27980,2019,167417
3492,30780,2019,742384
3493,34100,2019,142749
3494,35100,2019,124284
3495,37900,2019,400561
3496,40340,2019,221921
3497,40660,2019,98498
3498,40900,2019,2363730
3499,41100,2019,177556
3500,41500,2019,434061
3501,42020,2019,283111
3502,42660,2019,3979845
3503,43580,2019,144701
3504,11180,2019,123351
3505,10500,2019,146726
3506,12620,2019,152148
3507,13780,2019,238691
3508,20020,2019,149358
3509,21780,2019,315086
3510,26300,2019,99386
3511,27620,2019,151235
3512,30980,2019,286657
3513,31080,2019,13214799
3514,31860,2019,101927
3515,37100,2019,846006
3516,39660,2019,142107
3517,39820,2019,180080
3518,41940,2019,1990660
3519,43340,2019,394706
3520,44100,2019,206868
3521,49340,2019,947404
3522,12060,2019,6020364
3523,14020,2019,169230
3524,15940,2019,397520
3525,17980,2019,321048
3526,22420,2019,405813
3527,24780,2019,180742
3528,27100,2019,158510
3529,27340,2019,197938
3530,30020,2019,126415
3531,30460,2019,517056
3532,34980,2019,1934317
3533,37340,2019,601942
3534,38060,2019,4948203
3535,39380,2019,168424
3536,40580,2019,145770
3537,41860,2019,4731803
3538,42200,2019,446499
3539,45940,2019,367430
3540,47580,2019,185409
3541,48620,2019,640218
3542,12980,2019,134159
3543,13380,2019,229247
3544,13820,2019,1090435
3545,14260,2019,749202
3546,18020,2019,83779
3547,20220,2019,97311
3548,25500,2019,134964
3549,25940,2019,222195
3550,26580,2019,355873
3551,26620,2019,471824
3552,29620,2019,550391
3553,29820,2019,2266715
3554,31340,2019,263566
3555,33340,2019,1575179
3556,36140,2019,92039
3557,39460,2019,188910
3558,41060,2019,201964
3559,43780,2019,323613
3560,45300,2019,3194831
3561,45540,2019,132420
3562,46700,2019,447643
3563,47220,2019,149527
3564,48260,2019,116074
3565,49660,2019,536081
3566,11260,2019,396317
3567,12700,2019,212990
3568,17660,2019,165697
3569,19340,2019,379172
3570,22220,2019,534904
3571,22540,2019,103403
3572,23580,2019,204441
3573,24140,2019,123131
3574,24340,2019,1077370
3575,26140,2019,149657
3576,27260,2019,1559514
3577,27500,2019,163354
3578,27860,2019,133860
3579,28020,2019,265066
3580,29340,2019,210409
3581,33660,2019,429536
3582,33740,2019,200261
3583,36980,2019,119440
3584,38300,2019,2317600
3585,39300,2019,1624578
3586,39900,2019,475642
3587,41740,2019,3338330
3588,42540,2019,553885
3589,42700,2019,106221
3590,46060,2019,1047279
3591,46220,2019,252047
3592,46300,2019,111290
3593,47300,2019,466195
3594,11020,2019,121829
3595,12260,2019,608980
3596,12580,2019,2800053
3597,13220,2019,115767
3598,17300,2019,307820
3599,18580,2019,429024
3600,19140,2019,144724
3601,19180,2019,75758
3602,19780,2019,699292
3603,20940,2019,181215
3604,22140,2019,123958
3605,25220,2019,134758
3606,26380,2019,208075
3607,28740,2019,177573
3608,29700,2019,276652
3609,30860,2019,142165
3610,31020,2019,110593
3611,31460,2019,157327
3612,31700,2019,417025
3613,37620,2019,89339
3614,48060,2019,109834
3615,48540,2019,138948
3616,13020,2019,103126
3617,13140,2019,392563
3618,13740,2019,181667
3619,16580,2019,226033
3620,22380,2019,143476
3621,24300,2019,154210
3622,25980,2019,80994
3623,27180,2019,178644
3624,30700,2019,336374
3625,31180,2019,322257
3626,31740,2019,130285
3627,33700,2019,550660
3628,33860,2019,373290
3629,34820,2019,496901
3630,38220,2019,87804
3631,38540,2019,95489
3632,38860,2019,538500
3633,38940,2019,489297
3634,40140,2019,4650631
3635,40220,2019,313222
3636,41540,2019,415726
3637,41620,2019,1232696
3638,43420,2019,125922
3639,44420,2019,123120
3640,45500,2019,148761
3641,46140,2019,998626
3642,47020,2019,99742
3643,47940,2019,168522
3644,10780,2019,152037
3645,11700,2019,462680
3646,12100,2019,263670
3647,14540,2019,179240
3648,16540,2019,155027
3649,19740,2019,2967239
3650,22020,2019,246145
3651,23060,2019,413263
3652,23460,2019,102268
3653,29100,2019,136616
3654,29180,2019,489207
3655,29420,2019,212181
3656,30300,2019,62990
3657,33220,2019,83156
3658,34060,2019,139044
3659,35840,2019,836995
3660,36420,2019,1408950
3661,43100,2019,115340
3662,43300,2019,136212
3663,46660,2019,147292
3664,14460,2019,4873019
3665,15380,2019,1127983
3666,16060,2019,135764
3667,16220,2019,79858
3668,16620,2019,257074
3669,16820,2019,218615
3670,17420,2019,124942
3671,17780,2019,264728
3672,19430,2019,807611
3673,22520,2019,147970
3674,23420,2019,999101
3675,23540,2019,329128
3676,24580,2019,322906
3677,25180,2019,288104
3678,31420,2019,229996
3679,33100,2019,6166488
3680,33260,2019,182603
3681,37860,2019,502629
3682,38900,2019,2492412
3683,42340,2019,393353
3684,44140,2019,697382
3685,44220,2019,134083
3686,45220,2019,387227
3687,47380,2019,273920
3688,47460,2019,60760
3689,49180,2019,676008
3690,10180,2019,172060
3691,10580,2019,880381
3692,12220,2019,164542
3693,11500,2019,113605
3694,14500,2019,326196
3695,14740,2019,271473
3696,17820,2019,745791
3697,19460,2019,152603
3698,19820,2019,4319629
3699,20260,2019,288732
3700,21660,2019,382067
3701,24020,2019,125148
3702,28940,2019,869046
3703,29540,2019,545724
3704,32780,2019,220944
3705,32820,2019,1346045
3706,33540,2019,119600
3707,34620,2019,114135
3708,34900,2019,137744
3709,39150,2019,235099
3710,40060,2019,1291900
3711,40420,2019,336116
3712,43620,2019,268232
3713,44300,2019,162385
3714,44940,2019,140466
3715,45820,2019,231969
3716,46520,2019,974563
3717,47260,2019,1768901
3718,47900,2019,6280487
3719,48900,2019,297533
3720,49020,2019,140566
3721,10420,2019,703479
3722,10740,2019,918018
3723,14100,2019,83194
3724,16740,2019,2636883
3725,16940,2019,99500
3726,17860,2019,208173
3727,18880,2019,284809
3728,25260,2019,152940
3729,25540,2019,1204877
3730,26980,2019,173105
3731,27780,2019,130192
3732,28140,2019,2157990
3733,29020,2019,82544
3734,29460,2019,724777
3735,29940,2019,122259
3736,30140,2019,141793
3737,30620,2019,102351
3738,31140,2019,1265108
3739,35300,2019,854757
3740,36220,2019,166223
3741,39580,2019,1390785
3742,39740,2019,421164
3743,44060,2019,568521
3744,46340,2019,232751
3745,48140,2019,163285
3746,15980,2019,770577
3747,16700,2019,802122
3748,20500,2019,644367
3749,22500,2019,204911
3750,24540,2019,324492
3751,27740,2019,203649
3752,28700,2019,307202
3753,33140,2019,109888
3754,33780,2019,150500
3755,35380,2019,1270530
3756,35660,2019,153401
3757,35980,2019,265206
3758,36100,2019,365579
3759,36500,2019,290536
3760,36540,2019,949442
3761,36780,2019,171907
3762,41660,2019,122027
3763,45460,2019,186367
3764,46540,2019,289990
3765,48300,2019,120629
3766,49620,2019,449058
3767,12540,2019,900202
3768,15680,2019,113510
3769,16180,2019,55916
3770,16300,2019,273032
3771,17020,2019,219186
3772,19060,2019,97284
3773,21820,2019,96849
3774,25420,2019,577941
3775,25620,2019,168849
3776,28420,2019,299612
3777,34580,2019,129205
3778,34940,2019,384902
3779,39100,2019,679158
3780,40380,2019,1069644
3781,41180,2019,2803228
3782,41420,2019,433903
3783,42220,2019,494336
3784,45780,2019,641816
3785,49420,2019,250873
3786,49740,2019,213787
3787,10540,2019,129749
3788,12420,2019,2227083
3789,13460,2019,197692
3790,13980,2019,167531
3791,15260,2019,118779
3792,16020,2019,96765
3793,17460,2019,2048449
3794,17900,2019,838433
3795,18140,2019,2122271
3796,19300,2019,223234
3797,22180,2019,526719
3798,22660,2019,356899
3799,24220,2019,100815
3800,25060,2019,417665
3801,26820,2019,151530
3802,27900,2019,179564
3803,29200,2019,233002
3804,30340,2019,108277
3805,31540,2019,664865
3806,32900,2019,277680
3807,35620,2019,19216182
3808,36260,2019,683864
3809,37460,2019,174705
3810,39340,2019,648252
3811,39540,2019,196311
3812,42680,2019,159923
3813,48660,2019,151254
3814,49700,2019,175639
3815,11100,2019,265053
3816,11460,2019,367601
3817,13900,2019,128949
3818,15180,2019,423163
3819,15500,2019,169509
3820,16860,2019,565194
3821,17140,2019,2221208
3822,18700,2019,93053
3823,19100,2019,7573136
3824,19500,2019,104009
3825,20700,2019,170271
3826,21060,2019,153928
3827,22900,2019,250368
3828,23900,2019,103009
3829,24860,2019,920477
3830,29740,2019,218195
3831,31900,2019,121154
3832,34740,2019,173566
3833,36740,2019,2608147
3834,37980,2019,6102434
3835,38340,2019,124944
3836,41700,2019,2550960
3837,42100,2019,273213
3838,44180,2019,470300
3839,44700,2019,762148
