CBSA,NAME,POPESTIMATE2010,POPESTIMATE2011,POPESTIMATE2012,POPESTIMATE2013,POPESTIMATE2014,POPESTIMATE2015,POPESTIMATE2016,POPESTIMATE2017,POPESTIMATE2018,POPESTIMATE2019
10180,"Abilene, TX",165585,166634,167442,167473,168342,169688,170017,170429,171150,172060
10420,"Akron, OH",703031,703200,702109,703621,704908,704382,703524,703987,703855,703479
10500,"Albany, GA",154145,154545,153976,152667,151949,150387,149137,148090,147840,146726
10540,"Albany-Lebanon, OR",116891,118164,118273,118405,119042,120236,122769,125035,127451,129749
10580,"Albany-Schenectady-Troy, NY",871082,872778,874698,877065,878113,879085,879792,882158,882263,880381
10740,"Albuquerque, NM",889558,898016,901939,904953,904538,906026,909237,912311,914947,918018
10780,"Alexandria, LA",154096,154402,154400,154623,154558,154082,154124,153549,152762,152037
10900,"Allentown-Bethlehem-Easton, PA-NJ",821923,824930,826144,825731,828470,830295,833163,837921,842626,844052
11020,"Altoona, PA",127045,126970,126544,125836,125274,124596,123708,123147,122503,121829
11100,"Amarillo, TX",252664,255975,257802,258896,260812,261618,262987,264331,264406,265053
11180,"Ames, IA",115925,117424,118139,120161,122092,123079,123309,123721,123093,123351
11260,"Anchorage, AK",383053,387922,391932,397022,397996,398609,401368,400570,397636,396317
11460,"Ann Arbor, MI",345717,349753,352303,356040,360021,362975,366135,368807,369483,367601
11500,"Anniston-Oxford, AL",118408,117744,117190,116471,115917,115469,114973,114710,114331,113605
11540,"Appleton, WI",225948,227548,228656,229978,231627,233146,234200,235811,237011,237974
11700,"Asheville, NC",425338,428113,430945,435795,439661,444593,450310,454855,459314,462680
12020,"Athens-Clarke County, GA",193439,194375,195984,197590,198361,202565,205402,209106,211468,213750
12060,"Atlanta-Sandy Springs-Alpharetta, GA",5302598,5366462,5444473,5510530,5593204,5686048,5787965,5872432,5945303,6020364
12100,"Atlantic City-Hammonton, NJ",274648,274621,274629,274314,272578,270153,267217,265498,263989,263670
12220,"Auburn-Opelika, AL",140794,144130,148567,151809,154511,156954,159168,161440,163656,164542
12260,"Augusta-Richmond County, GA-SC",566694,570849,576206,579802,583046,589574,595029,600276,604221,608980
12420,"Austin-Round Rock-Georgetown, TX",1727502,1780535,1834586,1883315,1942467,2002134,2062016,2115475,2165497,2227083
12540,"Bakersfield, CA",840996,847970,853606,862000,869176,876031,880856,887356,893758,900202
12580,"Baltimore-Columbia-Towson, MD",2715738,2733785,2754637,2768233,2780055,2790053,2794111,2798707,2800743,2800053
12620,"Bangor, ME",153861,153759,153347,153222,153201,151929,151333,151645,151817,152148
12700,"Barnstable Town, MA",215899,215356,214788,214518,214289,213877,213559,213581,213471,212990
12940,"Baton Rouge, LA",827629,831493,836197,841986,846827,851167,856723,854295,854526,854884
12980,"Battle Creek, MI",135951,135105,134737,134751,134804,134327,134344,134180,134049,134159
13020,"Bay City, MI",107679,107417,106967,106794,106046,105237,104411,104045,103702,103126
13140,"Beaumont-Port Arthur, TX",389251,390905,389614,391195,391651,394825,396539,398129,393815,392563
13220,"Beckley, WV",124949,125266,125110,124356,123342,122070,120475,118673,117154,115767
13380,"Bellingham, WA",201545,203490,204863,206073,208154,211836,216417,221410,225197,229247
13460,"Bend, OR",157742,159660,161359,165299,169512,174246,180666,186744,191905,197692
13740,"Billings, MT",167571,169017,170942,173367,174952,176357,177759,179365,180203,181667
13780,"Binghamton, NY",251489,250238,248945,248017,247075,245283,243322,241709,240366,238691
13820,"Birmingham-Hoover, AL",1061717,1064030,1067563,1072882,1076087,1079752,1082877,1085615,1087967,1090435
13900,"Bismarck, ND",111112,112865,115679,119240,122155,125325,127233,128115,128279,128949
13980,"Blacksburg-Christiansburg, VA",163131,163442,164120,165240,165688,165725,166572,166605,167492,167531
14010,"Bloomington, IL",169810,170909,172721,175037,174105,173141,173070,172754,172410,171517
14020,"Bloomington, IN",160132,161722,162852,163221,164422,165073,166655,167429,168092,169230
14100,"Bloomsburg-Berwick, PA",85657,85449,85472,85592,85538,84980,84390,83851,83455,83194
14260,"Boise City, ID",617866,627670,637425,649224,662624,674640,691285,709682,728911,749202
14460,"Boston-Cambridge-Newton, MA-NH",4566348,4609790,4656593,4702877,4746931,4778340,4809061,4841772,4859536,4873019
14500,"Boulder, CO",295037,299957,304570,309323,312233,318027,321250,322441,324636,326196
14540,"Bowling Green, KY",159341,160985,162450,164653,166630,169507,171902,174981,176864,179240
14740,"Bremerton-Silverdale-Port Orchard, WA",251681,254297,254339,252401,253387,259232,263142,266289,269276,271473
14860,"Bridgeport-Stamford-Norwalk, CT",919355,928000,935099,939924,944196,944943,944347,943038,943971,943332
15180,"Brownsville-Harlingen, TX",407630,413201,415877,417357,419005,419450,421350,422227,422139,423163
15260,"Brunswick, GA",112534,112895,113281,113781,114607,115779,116571,117587,118282,118779
15380,"Buffalo-Cheektowaga, NY",1135627,1135562,1134619,1134974,1135060,1133002,1130232,1129882,1129777,1127983
15500,"Burlington, NC",151431,152692,153265,154162,155384,157037,160283,163276,166514,169509
15540,"Burlington-South Burlington, VT",211538,213235,213962,214827,215676,217152,217447,218975,219939,220411
15680,"California-Lexington Park, MD",105761,107566,108800,109224,109913,110985,111750,112487,112720,113510
15940,"Canton-Massillon, OH",404218,403331,403429,403365,403675,402433,401068,399327,398330,397520
15980,"Cape Coral-Fort Myers, FL",620449,631053,644197,659834,677232,699644,722649,740000,754470,770577
16020,"Cape Girardeau, MO-IL",96447,96982,97210,97177,97405,97316,97109,96819,96868,96765
16060,"Carbondale-Marion, IL",139409,139956,138698,140077,139658,139419,138634,137352,136694,135764
16180,"Carson City, NV",54981,54676,54312,53726,54082,54068,54147,54532,55202,55916
16220,"Casper, WY",75470,76399,78565,81103,81377,82137,80909,79586,79175,79858
16300,"Cedar Rapids, IA",258440,261028,261916,262706,264300,266312,268224,270653,272061,273032
16540,"Chambersburg-Waynesboro, PA",149925,150934,151482,151945,152607,153048,153705,154376,154579,155027
16580,"Champaign-Urbana, IL",218255,219876,221131,222854,224351,225732,226722,226847,226284,226033
16620,"Charleston, WV",277805,276817,276704,275412,273606,270858,268130,264227,260280,257074
16700,"Charleston-North Charleston, SC",667450,681262,696839,711272,726836,745185,761578,775537,788122,802122
16740,"Charlotte-Concord-Gastonia, NC-SC",2250121,2281230,2318671,2358660,2400483,2447898,2499697,2550373,2592950,2636883
16820,"Charlottesville, VA",201891,203617,205532,206755,209187,211494,213675,216104,217335,218615
16860,"Chattanooga, TN-GA",529131,533621,538103,542181,544183,547205,551859,555953,560832,565194
16940,"Cheyenne, WY",92236,92576,94697,95707,96036,96969,97887,98377,98865,99500
16980,"Chicago-Naperville-Elgin, IL-IN-WI",9470634,9500870,9528090,9550194,9560430,9552554,9533662,9514113,9484158,9458539
17020,"Chico, CA",219949,219975,220869,221641,223516,224631,226231,228696,230339,219186
17140,"Cincinnati, OH-KY-IN",2140715,2146208,2152554,2162060,2172190,2181427,2191572,2202558,2211936,2221208
17300,"Clarksville, TN-KY",274959,277405,287393,285441,289628,292878,293712,298635,304301,307820
17420,"Cleveland, TN",115896,116569,117673,118410,119455,120543,121184,122180,123968,124942
17460,"Cleveland-Elyria, OH",2075478,2068989,2064776,2067100,2067356,2064012,2060997,2057238,2053795,2048449
17660,"Coeur d'Alene, ID",138848,140932,142084,143897,146529,149367,153019,157320,161209,165697
17780,"College Station-Bryan, TX",229458,231435,234148,237816,242830,250567,254391,259123,261335,264728
17820,"Colorado Springs, CO",650500,660674,669448,678565,686562,697389,712335,724773,737202,745791
17860,"Columbia, MO",190947,194030,196540,198824,200492,202152,204049,205725,206746,208173
17900,"Columbia, SC",769646,776195,783250,790842,798882,809136,817188,824939,831690,838433
17980,"Columbus, GA-AL",309476,315305,322721,327844,325273,322772,319040,315942,318211,321048
18020,"Columbus, IN",76818,77620,79001,79655,80497,81458,82231,82213,82722,83779
18140,"Columbus, OH",1906366,1926338,1947208,1974061,2001635,2027568,2052192,2082581,2104194,2122271
18580,"Corpus Christi, TX",404676,407721,413199,419080,423313,427621,428953,428445,428697,429024
18700,"Corvallis, OR",85574,86266,86678,86167,87215,88333,89918,91790,92442,93053
18880,"Crestview-Fort Walton Beach-Destin, FL",235932,238704,246952,251881,255801,260814,265492,271499,277666,284809
19060,"Cumberland, MD-WV",103170,102629,101833,101267,100587,99879,99428,98575,97894,97284
19100,"Dallas-Fort Worth-Arlington, TX",6392065,6510544,6644559,6753889,6889769,7042566,7194758,7337097,7455756,7573136
19140,"Dalton, GA",142278,142285,142259,141906,142298,143099,143753,144037,144192,144724
19180,"Danville, IL",81640,81414,80862,80585,79783,79170,78494,77689,76702,75758
19300,"Daphne-Fairhope-Foley, AL",183112,186558,190145,194885,199183,202939,207601,212521,217855,223234
19340,"Davenport-Moline-Rock Island, IA-IL",379743,380685,382431,383843,384070,383381,382178,381103,380044,379172
19430,"Dayton-Kettering, OH",799672,800858,801603,801390,801017,800124,801661,803233,805088,807611
19460,"Decatur, AL",153950,154075,153908,153146,152888,152392,152233,151981,152144,152603
19500,"Decatur, IL",110787,110684,110134,109561,108515,107343,106383,105399,104504,104009
19660,"Deltona-Daytona Beach-Ormond Beach, FL",590506,591926,594969,600236,608604,621166,635859,647867,658186,668365
19740,"Denver-Aurora-Lakewood, CO",2554523,2602918,2650274,2700529,2753973,2812896,2856755,2891776,2931665,2967239
19780,"Des Moines-West Des Moines, IA",608930,618299,626778,637846,649652,659522,671055,681413,690915,699292
19820,"Detroit-Warren-Dearborn, MI",4291508,4291696,4300864,4305587,4311194,4309673,4316260,4321593,4322084,4319629
20020,"Dothan, AL",145871,146621,147448,147449,147830,147992,147784,147878,148249,149358
20100,"Dover, DE",162956,165110,167297,169038,171456,173128,174542,176499,178540,180786
20220,"Dubuque, IA",93929,94593,95159,95945,96481,96850,96763,97066,96922,97311
20260,"Duluth, MN-WI",290542,290594,290176,290193,290261,289741,289395,289108,289260,288732
20500,"Durham-Chapel Hill, NC",566267,572520,581735,590364,599236,607706,618222,625678,637501,644367
20700,"East Stroudsburg, PA",169849,169891,168628,167355,167285,166481,166220,167895,169294,170271
20740,"Eau Claire, WI",161655,162886,163892,164822,165023,165501,166430,167329,168464,169304
20940,"El Centro, CA",174716,175786,176575,176438,177974,178937,180179,181649,181523,181215
21060,"Elizabethtown-Fort Knox, KY",149833,151319,151501,152228,151675,148107,148941,150390,153201,153928
21140,"Elkhart-Goshen, IN",197451,198279,198968,200205,201423,202995,203642,204194,205617,206341
21300,"Elmira, NY",88895,88899,89137,88199,87177,86705,85644,84736,83935,83456
21340,"El Paso, TX",807048,823308,835667,834203,837089,835439,839203,842005,841613,844124
21420,"Enid, OK",60765,60763,61399,62370,62790,63248,62493,61600,61095,61056
21500,"Erie, PA",280799,281327,281532,280717,279423,278174,276170,273558,271544,269728
21660,"Eugene-Springfield, OR",351920,354034,355075,355481,358027,361946,368874,375264,378549,382067
21780,"Evansville, IN-KY",311802,312698,313422,314331,314859,314983,315283,314791,314660,315086
21820,"Fairbanks, AK",98264,98120,100311,100933,99254,99636,100633,99675,98565,96849
22020,"Fargo, ND-MN",209455,213222,217610,223360,227790,232891,237244,241511,244311,246145
22140,"Farmington, NM",130203,129711,129756,129467,129084,128246,127954,126917,125499,123958
22180,"Fayetteville, NC",490446,499149,502672,509180,510635,511976,516822,517527,522461,526719
22220,"Fayetteville-Springdale-Rogers, AR",442301,452884,462291,471140,480513,491730,503806,515616,525239,534904
22380,"Flagstaff, AZ",134612,134275,136146,136699,137566,138962,140407,141001,142523,143476
22420,"Flint, MI",424953,422026,418193,415639,412859,410461,408926,407488,406688,405813
22500,"Florence, SC",205662,205800,206041,205986,206426,206235,205854,205476,205036,204911
22520,"Florence-Muscle Shoals, AL",147261,147146,147232,147230,147462,146876,146922,147259,147608,147970
22540,"Fond du Lac, WI",101576,101810,101788,101787,101977,101955,102211,102417,103001,103403
22660,"Fort Collins, CO",300441,305246,310842,316225,324008,333303,338984,344084,350660,356899
22900,"Fort Smith, AR-OK",248344,249236,249491,248569,248220,248820,249170,250231,250298,250368
23060,"Fort Wayne, IN",389298,392332,394225,396638,398591,400806,402887,405445,409126,413263
23420,"Fresno, CA",932039,939406,945045,951514,960567,969488,976830,985238,991950,999101
23460,"Gadsden, AL",104459,104369,104278,103884,103399,102998,102855,103007,102611,102268
23540,"Gainesville, FL",305334,306979,308240,308865,311743,316031,321418,324485,327933,329128
23580,"Gainesville, GA",180033,182269,184102,186431,189142,192245,196159,198953,201538,204441
23900,"Gettysburg, PA",101479,101474,101254,101137,101353,101808,101911,102562,103062,103009
24020,"Glens Falls, NY",129021,128827,128420,127848,127341,126666,126233,125924,125489,125148
24140,"Goldsboro, NC",122886,124038,124559,124587,124586,124342,124269,123034,123237,123131
24220,"Grand Forks, ND-MN",98633,98194,99093,100741,101260,101849,102171,102126,101766,100815
24260,"Grand Island, NE",72936,73547,74238,74652,75240,75319,75598,75456,75476,75553
24300,"Grand Junction, CO",146259,147174,147317,147175,147113,148025,149736,151170,152951,154210
24340,"Grand Rapids-Kentwood, MI",994262,1002556,1013655,1025473,1036234,1044842,1054710,1063670,1071370,1077370
24420,"Grants Pass, OR",82879,82702,82755,83131,83377,84528,85504,86584,87150,87487
24500,"Great Falls, MT",81507,81714,81622,82194,82056,81878,81562,81633,81688,81366
24540,"Greeley, CO",254207,258827,264131,270165,277112,285819,295712,305885,314815,324492
24580,"Green Bay, WI",306754,308613,310605,311947,314003,315652,317369,319694,321384,322906
24660,"Greensboro-High Point, NC",725264,730095,735475,740604,746497,751285,758635,762071,766473,771851
24780,"Greenville, NC",168863,170791,172980,174380,174974,176071,177171,178607,179575,180742
24860,"Greenville-Anderson, SC",825625,833220,840903,848417,860285,872521,884327,895357,907028,920477
25060,"Gulfport-Biloxi, MS",389324,393744,396803,399940,403841,406604,408865,412754,414686,417665
25180,"Hagerstown-Martinsburg, MD-WV",269833,271983,273429,274926,276755,278236,280717,282958,285722,288104
25220,"Hammond, LA",121485,122700,123646,125520,127010,128716,130619,132353,133837,134758
25260,"Hanford-Corcoran, CA",152370,151868,150991,150337,149495,150085,149382,149665,151382,152940
25420,"Harrisburg-Carlisle, PA",550088,552280,555057,558139,561164,564678,567510,570784,574149,577941
25500,"Harrisonburg, VA",125401,126796,128449,128956,130420,131120,132909,134041,134749,134964
25540,"Hartford-East Hartford-Middletown, CT",1214091,1216088,1215307,1214785,1213886,1211748,1208595,1207027,1206139,1204877
25620,"Hattiesburg, MS",162856,164801,165994,166971,167179,167873,168158,167719,168292,168849
25860,"Hickory-Lenoir-Morganton, NC",365565,364478,363670,363379,363035,363346,364798,367085,368449,369711
25940,"Hilton Head Island-Bluffton, SC",187777,189330,193145,197292,201725,207256,211269,215019,218023,222195
25980,"Hinesville, GA",77339,80267,80406,78825,81120,79269,79845,80399,79697,80994
26140,"Homosassa Springs, FL",141173,139764,139180,138829,138828,140287,142804,145415,147682,149657
26300,"Hot Springs, AR",96067,96854,96986,97654,97758,97814,98282,98327,98966,99386
26380,"Houma-Thibodaux, LA",208251,208713,208885,209983,211368,212131,211512,209946,209144,208075
26420,"Houston-The Woodlands-Sugar Land, TX",5947236,6056193,6183531,6328208,6500199,6671808,6806503,6900090,6976147,7066141
26580,"Huntington-Ashland, WV-KY-OH",371065,371126,370972,370179,368938,367224,365020,361970,359069,355873
26620,"Huntsville, AL",419276,425122,430056,435541,440395,444542,449576,455892,463181,471824
26820,"Idaho Falls, ID",133813,134959,136165,136840,137838,139542,142520,145512,148436,151530
26900,"Indianapolis-Carmel-Anderson, IN",1892640,1910719,1929678,1953600,1971006,1986119,2006760,2027584,2052368,2074537
26980,"Iowa City, IA",153025,155908,159006,162095,164759,167088,169054,171529,172607,173105
27060,"Ithaca, NY",101740,101821,102726,103553,103391,103006,102942,102664,102419,102180
27100,"Jackson, MI",160109,159658,159962,159628,159421,159264,158277,158563,158566,158510
27140,"Jackson, MS",588272,593409,595585,596325,597357,597928,599170,599358,597376,594806
27180,"Jackson, TN",179762,179692,179857,179836,179358,178607,178306,178336,178315,178644
27260,"Jacksonville, FL",1348907,1361972,1377607,1393432,1416446,1444638,1476023,1505033,1532663,1559514
27340,"Jacksonville, NC",186892,184993,190678,192354,191822,193114,192314,195066,196915,197938
27500,"Janesville-Beloit, WI",160260,159867,160065,160341,160920,161006,161320,162205,162874,163354
27620,"Jefferson City, MO",149991,150413,150391,150669,150727,150928,151375,151319,151512,151235
27740,"Johnson City, TN",199010,199574,200473,200470,200021,200331,201457,201909,202900,203649
27780,"Johnstown, PA",143461,142579,141536,138826,137537,136028,134414,132960,131449,130192
27860,"Jonesboro, AR",121263,122854,124292,125840,126813,128459,129906,131259,132719,133860
27900,"Joplin, MO",175833,173846,174407,175144,175869,176686,177397,178239,178613,179564
27980,"Kahului-Wailuku-Lahaina, HI",155020,156936,158889,161004,163036,163904,165350,166146,166972,167417
28020,"Kalamazoo-Portage, MI",250751,252600,255353,257311,258951,259676,261304,262998,264680,265066
28100,"Kankakee, IL",113418,113519,112974,112735,111883,111750,111080,110540,109953,109862
28140,"Kansas City, MO-KS",2013361,2025490,2038586,2053850,2069182,2085913,2107066,2127203,2144427,2157990
28420,"Kennewick-Richland, WA",255542,263487,268071,270766,274154,278945,283693,290096,295289,299612
28660,"Killeen-Temple, TX",408262,412348,423475,423931,426421,432583,436421,442998,451272,460303
28700,"Kingsport-Bristol, TN-VA",309480,309098,308623,307811,307198,306279,306017,306496,306736,307202
28740,"Kingston, NY",182418,182448,181538,180698,180400,179658,179042,178635,178418,177573
28940,"Knoxville, TN",815984,820702,825007,829017,832928,837818,844942,853645,861234,869046
29020,"Kokomo, IN",82752,82797,82839,82738,82605,82338,82304,82210,82257,82544
29100,"La Crosse-Onalaska, WI-MN",133897,134106,135307,135655,136140,136385,136384,136710,136613,136616
29180,"Lafayette, LA",467612,470935,474205,479794,484876,489507,490877,490299,489680,489207
29200,"Lafayette-West Lafayette, IN",210687,213230,216449,219183,221445,223573,227088,228101,230938,233002
29340,"Lake Charles, LA",199943,200534,201110,202205,203296,205275,207464,209410,210190,210409
29420,"Lake Havasu City-Kingman, AZ",200314,202812,203347,203126,203423,204574,205412,207017,209292,212181
29460,"Lakeland-Winter Haven, FL",603102,609948,615453,622633,634398,648523,665823,685368,706597,724777
29540,"Lancaster, PA",520319,523957,526878,530012,533289,535811,538160,541332,543969,545724
29620,"Lansing-East Lansing, MI",534899,536605,537005,538089,540028,541271,545146,548380,548674,550391
29700,"Laredo, TX",251370,255935,260595,264430,267465,269865,272301,273691,275120,276652
29740,"Las Cruces, NM",210097,213126,214450,214288,213933,214034,214663,216174,217278,218195
29820,"Las Vegas-Henderson-Paradise, NV",1952587,1961925,1989224,2017193,2053134,2096717,2138836,2181635,2226115,2266715
29940,"Lawrence, KS",111198,112479,113313,114713,116445,118141,119662,120281,121109,122259
30020,"Lawton, OK",131569,132255,132696,131113,130909,130011,127676,127649,126348,126415
30140,"Lebanon, PA",133664,134529,135545,135804,136538,137479,138480,139553,141339,141793
30300,"Lewiston, ID-WA",61040,61409,61413,61927,62031,62108,62422,62798,62872,62990
30340,"Lewiston-Auburn, ME",107708,107439,107486,107223,107358,107124,107296,107399,107914,108277
30460,"Lexington-Fayette, KY",473412,478930,485236,490906,495137,501469,507387,512381,514938,517056
30620,"Lima, OH",106358,105988,105244,105055,104848,104095,103613,103093,102725,102351
30700,"Lincoln, NE",302961,306619,310328,314103,319634,323090,327409,330975,333800,336374
30780,"Little Rock-North Little Rock-Conway, AR",702294,710682,717665,723159,728190,730889,734166,737557,740081,742384
30860,"Logan, UT-ID",126167,127591,128693,129827,130804,132652,135521,137703,140104,142165
30980,"Longview, TX",280487,282427,283056,282589,283219,283767,283641,284602,285315,286657
31020,"Longview, WA",102358,102309,101663,101483,101790,102999,104740,106805,108752,110593
31080,"Los Angeles-Long Beach-Anaheim, CA",12838417,12925753,13013443,13097434,13166609,13234696,13270694,13278000,13249879,13214799
31140,"Louisville/Jefferson County, KY-IN",1204655,1211869,1220183,1232178,1239354,1246231,1252525,1259553,1262023,1265108
31180,"Lubbock, TX",292241,295338,297793,301167,306056,310001,313780,317094,319239,322257
31340,"Lynchburg, VA",252969,254190,255725,256832,257953,259447,260537,261813,262893,263566
31420,"Macon-Bibb County, GA",232199,232707,232734,231225,230441,229795,229148,228985,229594,229996
31460,"Madera, CA",150986,151675,151527,151370,153456,153576,153956,155423,156882,157327
31540,"Madison, WI",606625,613159,619719,626833,633369,640198,648388,655250,659927,664865
31700,"Manchester-Nashua, NH",401055,402774,404344,405281,407275,408985,411333,413204,414630,417025
31740,"Manhattan, KS",128521,130746,137731,136294,135665,136989,134000,131667,131698,130285
31860,"Mankato, MN",96844,97325,97994,97718,98670,99199,100075,100968,101577,101927
31900,"Mansfield, OH",124162,123144,122633,122314,121999,121688,121242,120430,120987,121154
32580,"McAllen-Edinburg-Mission, TX",779149,795517,808334,818619,829819,839667,848960,856249,862298,868707
32780,"Medford, OR",203341,204747,205852,207179,209189,211403,214366,216746,219411,220944
32820,"Memphis, TN-MS-AR",1317489,1323741,1331396,1332114,1333432,1334790,1336204,1338582,1342497,1346045
32900,"Merced, CA",256721,259297,260867,262026,264419,266353,267628,271096,274151,277680
33100,"Miami-Fort Lauderdale-Pompano Beach, FL",5583394,5668271,5745743,5822754,5893858,5969135,6055686,6118155,6143837,6166488
33140,"Michigan City-La Porte, IN",111459,111317,111304,111423,111735,110835,110222,109842,109981,109888
33220,"Midland, MI",83651,83805,83721,83651,83492,83662,83422,83314,83223,83156
33260,"Midland, TX",141783,145108,152312,157628,162187,167974,169466,170849,178186,182603
33340,"Milwaukee-Waukesha, WI",1556678,1561296,1567248,1571732,1575002,1576496,1576004,1574444,1573995,1575179
33460,"Minneapolis-St. Paul-Bloomington, MN-WI",3340007,3373392,3405952,3440782,3476192,3503728,3538527,3575699,3610061,3640043
33540,"Missoula, MT",109467,110245,111042,111900,112801,114122,116349,117834,118640,119600
33660,"Mobile, AL",430941,430423,430962,430815,431017,431294,431566,430567,430310,429536
33700,"Modesto, CA",515145,517560,520424,523451,528015,533211,539255,544717,548126,550660
33740,"Monroe, LA",204675,204886,205151,205454,205570,205668,205319,203894,202138,200261
33780,"Monroe, MI",151936,151496,150804,150139,149847,149353,149159,149449,150174,150500
33860,"Montgomery, AL",375119,375549,374872,374114,373476,373365,373865,374174,373022,373290
34060,"Morgantown, WV",130308,132678,134813,135948,137396,138523,139403,139608,139204,139044
34100,"Morristown, TN",136945,137560,137753,137924,138280,139212,139924,140898,141778,142749
34580,"Mount Vernon-Anacortes, WA",116944,117578,117714,118255,119966,121559,123603,125860,127835,129205
34620,"Muncie, IN",117665,117901,117027,116831,116487,115767,115657,115246,114297,114135
34740,"Muskegon, MI",171913,170026,170159,172273,172254,172447,173227,173645,173599,173566
34820,"Myrtle Beach-Conway-North Myrtle Beach, SC-NC",378343,385650,393299,403705,416065,431198,447337,463514,480985,496901
34900,"Napa, CA",136759,137691,138538,139580,140405,140862,140840,139878,138789,137744
34940,"Naples-Marco Island, FL",322581,327629,332233,338987,347211,356041,365445,372678,378201,384902
34980,"Nashville-Davidson--Murfreesboro--Franklin, TN",1650831,1674534,1703609,1735012,1768350,1804671,1841294,1874515,1904726,1934317
35100,"New Bern, NC",127423,128135,128409,127172,126778,125371,124985,124703,124584,124284
35300,"New Haven-Milford, CT",863357,863871,864566,862820,862885,860186,857901,857748,856971,854757
35380,"New Orleans-Metairie, LA",1195324,1214008,1226887,1239584,1248905,1260281,1267613,1270326,1270133,1270530
35620,"New York-Newark-Jersey City, NY-NJ-PA",18923407,19052774,19149689,19226449,19280929,19320968,19334778,19322607,19276644,19216182
35660,"Niles, MI",156737,156885,156621,156129,155977,155022,154325,154128,153790,153401
35840,"North Port-Sarasota-Bradenton, FL",703354,709775,720281,731796,747228,767309,788341,805186,820716,836995
35980,"Norwich-New London, CT",274004,273037,274091,272976,271462,269636,268403,267419,266285,265206
36100,"Ocala, FL",331331,332286,333873,335083,338005,342182,347469,353339,359062,365579
36140,"Ocean City, NJ",97212,96494,96228,95498,94907,94160,93655,93129,92446,92039
36220,"Odessa, TX",137075,139642,144495,149656,154588,159903,157858,156951,161960,166223
36260,"Ogden-Clearfield, UT",599740,605591,612185,621224,630767,640334,652476,664040,673660,683864
36420,"Oklahoma City, OK",1257793,1277045,1297857,1320148,1336256,1357178,1372985,1381492,1393605,1408950
36500,"Olympia-Lacey-Tumwater, WA",253001,256386,258527,261852,264909,267978,273714,280269,286056,290536
36540,"Omaha-Council Bluffs, NE-IA",867671,876022,884555,893864,903335,913073,923431,931987,940970,949442
36740,"Orlando-Kissimmee-Sanford, FL",2139161,2176054,2225636,2270149,2324391,2388509,2455583,2517777,2574838,2608147
36780,"Oshkosh-Neenah, WI",167073,167493,168525,169283,169324,169246,169629,170394,170878,171907
36980,"Owensboro, KY",114770,115255,115972,116373,116529,117521,118092,118455,118879,119440
37100,"Oxnard-Thousand Oaks-Ventura, CA",825097,830099,833516,838136,842297,845802,847323,849044,848142,846006
37340,"Palm Bay-Melbourne-Titusville, FL",543965,544359,546966,550255,555548,565746,576874,587769,595203,601942
37460,"Panama City, FL",169206,169555,171757,174596,178289,181488,183634,184736,186240,174705
37620,"Parkersburg-Vienna, WV",92698,92643,92390,92360,92259,92139,91476,90846,89991,89339
37860,"Pensacola-Ferry Pass-Brent, FL",450946,455139,461613,467086,470628,475537,481367,487298,494399,502629
37900,"Peoria, IL",416051,416687,416866,418092,415479,412856,410754,406913,403328,400561
37980,"Philadelphia-Camden-Wilmington, PA-NJ-DE-MD",5970899,5996232,6016616,6030134,6046382,6056816,6066661,6078522,6091208,6102434
38060,"Phoenix-Mesa-Chandler, AZ",4204204,4253037,4329756,4403121,4488970,4578519,4673336,4758748,4849209,4948203
38220,"Pine Bluff, AR",100107,99052,97423,95769,94882,94022,92380,90875,89246,87804
38300,"Pittsburgh, PA",2357090,2360417,2360443,2359803,2356189,2347757,2340222,2329004,2322653,2317600
38340,"Pittsfield, MA",131317,130547,130284,129488,128856,127858,127067,126353,125901,124944
38540,"Pocatello, ID",90892,91421,91585,91246,91265,91871,92357,93088,94374,95489
38860,"Portland-South Portland, ME",513911,516070,517632,519987,523989,525831,528912,531899,535232,538500
38900,"Portland-Vancouver-Hillsboro, OR-WA",2232181,2262834,2288465,2311015,2343994,2381660,2426575,2454815,2473350,2492412
38940,"Port St. Lucie, FL",425173,428287,431912,436425,443164,452841,463891,472864,481167,489297
39100,"Poughkeepsie-Newburgh-Middletown, NY",671173,672230,670722,670588,669972,669842,670828,673303,676065,679158
39150,"Prescott Valley-Prescott, AZ",210983,211044,211990,214421,217716,220805,224575,228082,231772,235099
39300,"Providence-Warwick, RI-MA",1603125,1602957,1605741,1607460,1611026,1612928,1614840,1616614,1622379,1624578
39340,"Provo-Orem, UT",530262,541001,549980,561534,571059,583218,601304,618035,633149,648252
39380,"Pueblo, CO",159390,160184,160721,161033,161356,163006,164774,166283,167422,168424
39460,"Punta Gorda, FL",159875,159869,162744,164671,168041,172382,177671,181522,184849,188910
39540,"Racine, WI",195406,194908,194594,194680,194786,194672,194846,195825,196357,196311
39580,"Raleigh-Cary, NC",1137383,1162179,1187848,1213499,1241189,1271091,1303854,1334235,1361590,1390785
39660,"Rapid City, SD",126727,127903,130075,132320,134231,134858,136450,138444,140154,142107
39740,"Reading, PA",412039,413008,413518,413915,414559,415138,415784,417511,420529,421164
39820,"Redding, CA",177274,177588,177875,178397,178844,178314,178571,179384,179709,180080
39900,"Reno, NV",425951,427901,431208,434878,440110,446329,453709,460605,468335,475642
40060,"Richmond, VA",1188246,1197059,1211015,1222549,1235006,1246665,1258471,1269566,1281053,1291900
40140,"Riverside-San Bernardino-Ontario, CA",4242424,4294897,4334716,4369493,4415343,4461227,4512041,4565909,4612542,4650631
40220,"Roanoke, VA",308589,309134,310479,311878,312747,313152,312647,312988,313033,313222
40340,"Rochester, MN",207222,208473,209547,211502,212659,213933,216163,217993,219814,221921
40380,"Rochester, NY",1079974,1081557,1081508,1081736,1080094,1077092,1074063,1071962,1071621,1069644
40420,"Rockford, IL",349184,347773,345819,344692,342409,340727,339635,338194,337110,336116
40580,"Rocky Mount, NC",152405,151790,150862,149843,149066,147529,147236,146775,146078,145770
40660,"Rome, GA",96431,96161,95940,95880,95868,96186,96698,97500,97964,98498
40900,"Sacramento-Roseville-Folsom, CA",2153613,2172948,2190266,2210512,2235640,2263121,2291533,2319572,2341940,2363730
40980,"Saginaw, MI",199862,198899,198363,196794,195248,193305,192507,191965,190791,190539
41060,"St. Cloud, MN",189218,190090,190562,191552,193109,195425,196912,198436,200166,201964
41100,"St. George, UT",138389,141249,144139,146987,151081,154650,159352,165929,171567,177556
41140,"St. Joseph, MO-KS",127271,127700,127908,127635,127261,126724,126597,126323,125998,125223
41180,"St. Louis, MO-IL",2789989,2795155,2796682,2799472,2803430,2807503,2805502,2805758,2803958,2803228
41420,"Salem, OR",391479,393978,396076,398015,402092,408022,416818,424242,430404,433903
41500,"Salinas, CA",416373,420456,424788,426712,428475,430552,433953,434534,433950,434061
41540,"Salisbury, MD-DE",374821,378196,381216,384567,388766,393526,398676,404155,409999,415726
41620,"Salt Lake City, UT",1091478,1106800,1123748,1140025,1151447,1164912,1184721,1204205,1218681,1232696
41660,"San Angelo, TX",113422,114513,116071,117519,119233,120390,120535,120365,120834,122027
41700,"San Antonio-New Braunfels, TX",2153009,2193923,2236981,2280002,2328894,2379232,2426276,2472121,2512379,2550960
41740,"San Diego-Chula Vista-Carlsbad, CA",3103212,3137156,3174335,3209768,3248877,3280850,3306089,3321237,3333861,3338330
41860,"San Francisco-Oakland-Berkeley, CA",4343634,4395725,4455473,4519636,4584981,4647924,4688198,4712421,4726314,4731803
41940,"San Jose-Sunnyvale-Santa Clara, CA",1841556,1868031,1894452,1923664,1949578,1974501,1987593,1992674,1993804,1990660
42020,"San Luis Obispo-Paso Robles, CA",269802,271058,274160,275696,278227,280077,281803,282481,283354,283111
42100,"Santa Cruz-Watsonville, CA",263147,264858,266340,268816,270861,273503,274396,274856,273841,273213
42140,"Santa Fe, NM",144522,145847,146722,147465,147782,148098,148758,149491,149761,150358
42200,"Santa Maria-Santa Barbara, CA",424231,425453,429699,434601,439045,442229,444340,445298,445780,446499
42220,"Santa Rosa-Petaluma, CA",484755,487421,489993,494073,498560,500863,502547,502469,498643,494336
42340,"Savannah, GA",348640,355582,361745,365103,371275,377827,383153,386394,389453,393353
42540,"Scranton--Wilkes-Barre, PA",563740,563676,563704,561495,560146,557734,555722,555655,555215,553885
42660,"Seattle-Tacoma-Bellevue, WA",3449241,3503891,3558829,3612347,3675160,3739654,3816355,3885579,3935179,3979845
42680,"Sebastian-Vero Beach, FL",138270,139103,140473,141895,144445,147434,151159,154241,157187,159923
42700,"Sebring-Avon Park, FL",98635,98477,98222,98077,98584,100137,102041,103852,104933,106221
43100,"Sheboygan, WI",115524,115208,114767,114697,114982,115196,115030,115089,115233,115340
43300,"Sherman-Denison, TX",121034,121430,121854,122362,123599,125628,128291,131152,133787,136212
43340,"Shreveport-Bossier City, LA",399935,403880,407435,406237,404534,404000,401947,400161,397281,394706
43420,"Sierra Vista-Douglas, AZ",131822,133097,132017,129578,127314,126454,125686,124864,126411,125922
43580,"Sioux City, IA-NE-SD",143901,144171,143723,143623,143590,143736,143844,143165,143787,144701
43620,"Sioux Falls, SD",229099,232150,237032,241772,246133,250012,254602,260083,263810,268232
43780,"South Bend-Mishawaka, IN-MI",319044,318884,318296,318639,319410,319703,321144,321538,322697,323613
43900,"Spartanburg, SC",284731,286102,288176,290414,292981,296558,300867,306740,314137,319785
44060,"Spokane-Spokane Valley, WA",515553,516889,518930,521603,526336,532163,541030,550259,558827,568521
44100,"Springfield, IL",210465,211736,212095,211713,211692,211254,210424,209365,207928,206868
44140,"Springfield, MA",694935,698017,699061,699964,701671,700688,699804,699387,700138,697382
44180,"Springfield, MO",437349,440432,444329,448427,451556,455593,457917,462090,466273,470300
44220,"Springfield, OH",138274,137811,137171,136638,136311,135746,134723,134549,134528,134083
44300,"State College, PA",154230,155067,155826,158231,159653,160466,162034,162316,162601,162385
44420,"Staunton, VA",118314,118774,118463,119110,119469,120019,120747,121744,122628,123120
44700,"Stockton, CA",687127,694354,699593,702046,711579,722271,732809,743296,752491,762148
44940,"Sumter, SC",142555,142018,142126,142007,141877,141180,141334,140443,140151,140466
45060,"Syracuse, NY",663110,662482,660902,661773,660085,657648,654391,651164,650281,648593
45220,"Tallahassee, FL",369345,371246,375272,373187,375356,377602,378672,383173,384318,387227
45300,"Tampa-St. Petersburg-Clearwater, FL",2788366,2813269,2843636,2880536,2927395,2983928,3048963,3106922,3154649,3194831
45460,"Terre Haute, IN",189523,189541,189555,189089,188240,187365,187241,186846,186726,186367
45500,"Texarkana, TX-AR",149332,149515,149609,149509,149229,149244,149543,149567,149347,148761
45540,"The Villages, FL",94278,97975,101669,106898,112236,117076,122009,124995,128719,132420
45780,"Toledo, OH",651372,650166,648750,648403,647228,645973,645441,644364,643089,641816
45820,"Topeka, KS",234266,234696,234407,233838,233717,233520,233139,232994,232266,231969
45940,"Trenton-Princeton, NJ",367713,367378,368554,369429,368909,368124,367699,368168,368188,367430
46060,"Tucson, AZ",981620,988381,993052,997127,1004229,1009103,1016707,1026391,1036554,1047279
46140,"Tulsa, OK",939833,945750,952484,961904,969421,980926,988706,991330,993135,998626
46220,"Tuscaloosa, AL",239481,240363,242328,244378,246988,249066,250099,250933,251257,252047
46300,"Twin Falls, ID",99987,100620,101128,102662,103912,105216,107252,109142,110095,111290
46340,"Tyler, TX",210408,212764,214811,216475,219642,222390,225161,227195,229749,232751
46520,"Urban Honolulu, HI",956285,967336,977994,986059,987414,991064,992268,986353,979858,974563
46540,"Utica-Rome, NY",299226,298604,297992,297230,295982,293916,292811,292174,291187,289990
46660,"Valdosta, GA",140054,142007,144121,142937,143433,143311,144471,145360,146143,147292
46700,"Vallejo, CA",413967,416342,419674,423659,429006,433409,438858,443511,445725,447643
47020,"Victoria, TX",94102,94765,96447,97518,98548,99649,99914,99597,99466,99742
47220,"Vineland-Bridgeton, NJ",156699,157043,156934,156098,156009,154712,153233,151423,150635,149527
47260,"Virginia Beach-Norfolk-Newport News, VA-NC",1717036,1723208,1734121,1741366,1750937,1756340,1758763,1760926,1763713,1768901
47300,"Visalia, CA",442969,446784,449779,452460,455138,457161,459235,462308,464589,466195
47380,"Waco, TX",253808,255700,256938,258685,260376,262660,264829,268971,271427,273920
47460,"Walla Walla, WA",58915,59444,59329,59361,59510,59932,60008,60512,60615,60760
47580,"Warner Robins, GA",168508,171561,173592,174689,175717,176293,178507,180163,182886,185409
47900,"Washington-Arlington-Alexandria, DC-VA-MD-WV",5678491,5782319,5878942,5963312,6031945,6093950,6149301,6211341,6247841,6280487
47940,"Waterloo-Cedar Falls, IA",167920,168443,168811,169853,170450,170852,170110,169359,168936,168522
48060,"Watertown-Fort Drum, NY",116592,117752,120235,118490,117971,116371,112980,113157,111866,109834
48140,"Wausau-Weston, WI",162829,162844,162870,163189,163241,163181,162935,163203,163094,163285
48260,"Weirton-Steubenville, WV-OH",124329,123482,122680,122139,121507,120665,119269,118074,116982,116074
48300,"Wenatchee, WA",111264,111876,112669,113110,113894,115586,117221,118325,119501,120629
48540,"Wheeling, WV-OH",147899,147260,146527,145938,144968,144157,142955,141255,140059,138948
48620,"Wichita, KS",623887,625327,628159,630365,632810,635551,637653,637511,637519,640218
48660,"Wichita Falls, TX",151649,150311,151040,151448,151867,150083,150327,150956,150955,151254
48700,"Williamsport, PA",116225,116748,117222,116598,116290,115598,114876,114012,113866,113299
48900,"Wilmington, NC",255699,259141,262759,267700,271863,276848,283580,289447,294273,297533
49020,"Winchester, VA-WV",128652,129954,130910,132278,133526,134284,135739,138020,139492,140566
49180,"Winston-Salem, NC",641245,644266,646794,649901,653250,656277,661024,666640,671129,676008
49340,"Worcester, MA-CT",918935,922378,924856,928346,932278,934604,936422,942147,946113,947404
49420,"Yakima, WA",244256,245926,246127,246485,246870,247800,249327,249922,250562,250873
49620,"York-Hanover, PA",435413,436701,437466,438932,440475,441741,443693,445484,447847,449058
49660,"Youngstown-Warren-Boardman, OH-PA",564826,562347,558530,555850,553039,548798,544582,541545,538226,536081
49700,"Yuba City, CA",167099,166971,166963,167597,168311,169327,170694,172782,173905,175639
49740,"Yuma, AZ",197127,202841,202475,202420,204054,205186,207247,209507,211612,213787
